CREATE TABLE Team
(
    TeamID INTEGER PRIMARY KEY,
    ShortName TEXT,
    Name TEXT,
    Wins INTEGER,
    Losses INTEGER,
    Championships INTEGER,
    LocationID INTEGER
);
INSERT INTO Team (TeamID, ShortName, Name, Wins, Losses, Championships, LocationID) VALUES (1, 'ASU', 'Arizona State University', null, null, null, 21);
INSERT INTO Team (TeamID, ShortName, Name, Wins, Losses, Championships, LocationID) VALUES (2, 'U of A', 'University of Arizona', null, null, null, 22);
INSERT INTO Team (TeamID, ShortName, Name, Wins, Losses, Championships, LocationID) VALUES (3, 'USC', 'University of Southern California', null, null, null, 63);



CREATE TABLE Location
(
    LocationID INTEGER PRIMARY KEY,
    City TEXT,
    State TEXT,
    Country TEXT
);
INSERT INTO Location (LocationID, City, State, Country) VALUES (1, 'Geelong', 'Victoria', 'Australia');
INSERT INTO Location (LocationID, City, State, Country) VALUES (2, 'Kingston', null, 'Jamaica');
INSERT INTO Location (LocationID, City, State, Country) VALUES (3, 'Lagos', 'Lagos', 'Nigeria');
INSERT INTO Location (LocationID, City, State, Country) VALUES (4, 'Anchorage', 'AK', 'United States');
INSERT INTO Location (LocationID, City, State, Country) VALUES (5, 'Madison', 'AL', 'United States');
INSERT INTO Location (LocationID, City, State, Country) VALUES (6, 'Prichard', 'AL', 'United States');
INSERT INTO Location (LocationID, City, State, Country) VALUES (7, 'Saraland', 'AL', 'United States');
INSERT INTO Location (LocationID, City, State, Country) VALUES (8, 'Anthem', 'AZ', 'United States');
INSERT INTO Location (LocationID, City, State, Country) VALUES (9, 'Buckeye', 'AZ', 'United States');
INSERT INTO Location (LocationID, City, State, Country) VALUES (10, 'Chandler', 'AZ', 'United States');
INSERT INTO Location (LocationID, City, State, Country) VALUES (11, 'Gilbert', 'AZ', 'United States');
INSERT INTO Location (LocationID, City, State, Country) VALUES (12, 'Glendale', 'AZ', 'United States');
INSERT INTO Location (LocationID, City, State, Country) VALUES (13, 'Goodyear', 'AZ', 'United States');
INSERT INTO Location (LocationID, City, State, Country) VALUES (14, 'Litchfield Park', 'AZ', 'United States');
INSERT INTO Location (LocationID, City, State, Country) VALUES (15, 'Mesa', 'AZ', 'United States');
INSERT INTO Location (LocationID, City, State, Country) VALUES (16, 'Peoria', 'AZ', 'United States');
INSERT INTO Location (LocationID, City, State, Country) VALUES (17, 'Phoenix', 'AZ', 'United States');
INSERT INTO Location (LocationID, City, State, Country) VALUES (18, 'Queen Creek', 'AZ', 'United States');
INSERT INTO Location (LocationID, City, State, Country) VALUES (19, 'Safford', 'AZ', 'United States');
INSERT INTO Location (LocationID, City, State, Country) VALUES (20, 'Scottsdale', 'AZ', 'United States');
INSERT INTO Location (LocationID, City, State, Country) VALUES (21, 'Tempe', 'AZ', 'United States');
INSERT INTO Location (LocationID, City, State, Country) VALUES (22, 'Tucson', 'AZ', 'United States');
INSERT INTO Location (LocationID, City, State, Country) VALUES (23, 'Yuma', 'AZ', 'United States');
INSERT INTO Location (LocationID, City, State, Country) VALUES (24, 'Altadena', 'CA', 'United States');
INSERT INTO Location (LocationID, City, State, Country) VALUES (25, 'Anaheim Hills', 'CA', 'United States');
INSERT INTO Location (LocationID, City, State, Country) VALUES (26, 'Bakersfield', 'CA', 'United States');
INSERT INTO Location (LocationID, City, State, Country) VALUES (27, 'Bellflower', 'CA', 'United States');
INSERT INTO Location (LocationID, City, State, Country) VALUES (28, 'Calabasas', 'CA', 'United States');
INSERT INTO Location (LocationID, City, State, Country) VALUES (29, 'Carson', 'CA', 'United States');
INSERT INTO Location (LocationID, City, State, Country) VALUES (30, 'Cerritos', 'CA', 'United States');
INSERT INTO Location (LocationID, City, State, Country) VALUES (31, 'Chino', 'CA', 'United States');
INSERT INTO Location (LocationID, City, State, Country) VALUES (32, 'Claremont', 'CA', 'United States');
INSERT INTO Location (LocationID, City, State, Country) VALUES (33, 'Clovis', 'CA', 'United States');
INSERT INTO Location (LocationID, City, State, Country) VALUES (34, 'Concord', 'CA', 'United States');
INSERT INTO Location (LocationID, City, State, Country) VALUES (35, 'Corona', 'CA', 'United States');
INSERT INTO Location (LocationID, City, State, Country) VALUES (36, 'Coto de Caza', 'CA', 'United States');
INSERT INTO Location (LocationID, City, State, Country) VALUES (37, 'Dana Point', 'CA', 'United States');
INSERT INTO Location (LocationID, City, State, Country) VALUES (38, 'Danville', 'CA', 'United States');
INSERT INTO Location (LocationID, City, State, Country) VALUES (39, 'Del Mar', 'CA', 'United States');
INSERT INTO Location (LocationID, City, State, Country) VALUES (40, 'El Cerrito', 'CA', 'United States');
INSERT INTO Location (LocationID, City, State, Country) VALUES (41, 'Folsom', 'CA', 'United States');
INSERT INTO Location (LocationID, City, State, Country) VALUES (42, 'Fontana', 'CA', 'United States');
INSERT INTO Location (LocationID, City, State, Country) VALUES (43, 'Fresno', 'CA', 'United States');
INSERT INTO Location (LocationID, City, State, Country) VALUES (44, 'Gardena', 'CA', 'United States');
INSERT INTO Location (LocationID, City, State, Country) VALUES (45, 'Glendora', 'CA', 'United States');
INSERT INTO Location (LocationID, City, State, Country) VALUES (46, 'Granite Bay', 'CA', 'United States');
INSERT INTO Location (LocationID, City, State, Country) VALUES (47, 'Harbor City', 'CA', 'United States');
INSERT INTO Location (LocationID, City, State, Country) VALUES (48, 'Hayward', 'CA', 'United States');
INSERT INTO Location (LocationID, City, State, Country) VALUES (49, 'Huntington Beach', 'CA', 'United States');
INSERT INTO Location (LocationID, City, State, Country) VALUES (50, 'Inglewood', 'CA', 'United States');
INSERT INTO Location (LocationID, City, State, Country) VALUES (51, 'Irvine', 'CA', 'United States');
INSERT INTO Location (LocationID, City, State, Country) VALUES (52, 'Kingsburg', 'CA', 'United States');
INSERT INTO Location (LocationID, City, State, Country) VALUES (53, 'La Cañada Flintridge', 'CA', 'United States');
INSERT INTO Location (LocationID, City, State, Country) VALUES (54, 'La Habra', 'CA', 'United States');
INSERT INTO Location (LocationID, City, State, Country) VALUES (55, 'La Jolla', 'CA', 'United States');
INSERT INTO Location (LocationID, City, State, Country) VALUES (56, 'Lafayette', 'CA', 'United States');
INSERT INTO Location (LocationID, City, State, Country) VALUES (57, 'Laguna Beach', 'CA', 'United States');
INSERT INTO Location (LocationID, City, State, Country) VALUES (58, 'Laguna Hills', 'CA', 'United States');
INSERT INTO Location (LocationID, City, State, Country) VALUES (59, 'Lancaster', 'CA', 'United States');
INSERT INTO Location (LocationID, City, State, Country) VALUES (60, 'Larkspur', 'CA', 'United States');
INSERT INTO Location (LocationID, City, State, Country) VALUES (61, 'Long Beach', 'CA', 'United States');
INSERT INTO Location (LocationID, City, State, Country) VALUES (62, 'Los Alamitos', 'CA', 'United States');
INSERT INTO Location (LocationID, City, State, Country) VALUES (63, 'Los Angeles', 'CA', 'United States');
INSERT INTO Location (LocationID, City, State, Country) VALUES (64, 'Malibu', 'CA', 'United States');
INSERT INTO Location (LocationID, City, State, Country) VALUES (65, 'Mission Hills', 'CA', 'United States');
INSERT INTO Location (LocationID, City, State, Country) VALUES (66, 'Modesto', 'CA', 'United States');
INSERT INTO Location (LocationID, City, State, Country) VALUES (67, 'Moreno Valley', 'CA', 'United States');
INSERT INTO Location (LocationID, City, State, Country) VALUES (68, 'Murrieta', 'CA', 'United States');
INSERT INTO Location (LocationID, City, State, Country) VALUES (69, 'Napa', 'CA', 'United States');
INSERT INTO Location (LocationID, City, State, Country) VALUES (70, 'Newport Beach', 'CA', 'United States');
INSERT INTO Location (LocationID, City, State, Country) VALUES (71, 'Norco', 'CA', 'United States');
INSERT INTO Location (LocationID, City, State, Country) VALUES (72, 'Northridge', 'CA', 'United States');
INSERT INTO Location (LocationID, City, State, Country) VALUES (73, 'Novato', 'CA', 'United States');
INSERT INTO Location (LocationID, City, State, Country) VALUES (74, 'Oakland', 'CA', 'United States');
INSERT INTO Location (LocationID, City, State, Country) VALUES (75, 'Oceanside', 'CA', 'United States');
INSERT INTO Location (LocationID, City, State, Country) VALUES (76, 'Orange', 'CA', 'United States');
INSERT INTO Location (LocationID, City, State, Country) VALUES (77, 'Oxnard', 'CA', 'United States');
INSERT INTO Location (LocationID, City, State, Country) VALUES (78, 'Pacific Palisades', 'CA', 'United States');
INSERT INTO Location (LocationID, City, State, Country) VALUES (79, 'Pasadena', 'CA', 'United States');
INSERT INTO Location (LocationID, City, State, Country) VALUES (80, 'Pleasanton', 'CA', 'United States');
INSERT INTO Location (LocationID, City, State, Country) VALUES (81, 'Rancho Cucamonga', 'CA', 'United States');
INSERT INTO Location (LocationID, City, State, Country) VALUES (82, 'Rancho Santa Margarita', 'CA', 'United States');
INSERT INTO Location (LocationID, City, State, Country) VALUES (83, 'Riverside', 'CA', 'United States');
INSERT INTO Location (LocationID, City, State, Country) VALUES (84, 'Rocklin', 'CA', 'United States');
INSERT INTO Location (LocationID, City, State, Country) VALUES (85, 'Roseville', 'CA', 'United States');
INSERT INTO Location (LocationID, City, State, Country) VALUES (86, 'Sacramento', 'CA', 'United States');
INSERT INTO Location (LocationID, City, State, Country) VALUES (87, 'San Clemente', 'CA', 'United States');
INSERT INTO Location (LocationID, City, State, Country) VALUES (88, 'San Diego', 'CA', 'United States');
INSERT INTO Location (LocationID, City, State, Country) VALUES (89, 'San Jose', 'CA', 'United States');
INSERT INTO Location (LocationID, City, State, Country) VALUES (90, 'San Juan Capistrano', 'CA', 'United States');
INSERT INTO Location (LocationID, City, State, Country) VALUES (91, 'San Marino', 'CA', 'United States');
INSERT INTO Location (LocationID, City, State, Country) VALUES (92, 'Santa Ana', 'CA', 'United States');
INSERT INTO Location (LocationID, City, State, Country) VALUES (93, 'Santa Rosa', 'CA', 'United States');
INSERT INTO Location (LocationID, City, State, Country) VALUES (94, 'Simi Valley', 'CA', 'United States');
INSERT INTO Location (LocationID, City, State, Country) VALUES (95, 'South El Monte', 'CA', 'United States');
INSERT INTO Location (LocationID, City, State, Country) VALUES (96, 'South Pasadena', 'CA', 'United States');
INSERT INTO Location (LocationID, City, State, Country) VALUES (97, 'Stockton', 'CA', 'United States');
INSERT INTO Location (LocationID, City, State, Country) VALUES (98, 'Temecula', 'CA', 'United States');
INSERT INTO Location (LocationID, City, State, Country) VALUES (99, 'Topanga', 'CA', 'United States');
INSERT INTO Location (LocationID, City, State, Country) VALUES (100, 'Torrance', 'CA', 'United States');
INSERT INTO Location (LocationID, City, State, Country) VALUES (101, 'Valencia', 'CA', 'United States');
INSERT INTO Location (LocationID, City, State, Country) VALUES (102, 'Ventura', 'CA', 'United States');
INSERT INTO Location (LocationID, City, State, Country) VALUES (103, 'Victorville', 'CA', 'United States');
INSERT INTO Location (LocationID, City, State, Country) VALUES (104, 'West Covina', 'CA', 'United States');
INSERT INTO Location (LocationID, City, State, Country) VALUES (105, 'West Los Angeles', 'CA', 'United States');
INSERT INTO Location (LocationID, City, State, Country) VALUES (106, 'Westchester', 'CA', 'United States');
INSERT INTO Location (LocationID, City, State, Country) VALUES (107, 'Woodland Hills', 'CA', 'United States');
INSERT INTO Location (LocationID, City, State, Country) VALUES (108, 'Bunnell', 'FL', 'United States');
INSERT INTO Location (LocationID, City, State, Country) VALUES (109, 'Miami', 'FL', 'United States');
INSERT INTO Location (LocationID, City, State, Country) VALUES (110, 'Tampa', 'FL', 'United States');
INSERT INTO Location (LocationID, City, State, Country) VALUES (111, 'Weston', 'FL', 'United States');
INSERT INTO Location (LocationID, City, State, Country) VALUES (112, 'Atlanta', 'GA', 'United States');
INSERT INTO Location (LocationID, City, State, Country) VALUES (113, 'Johns Creek', 'GA', 'United States');
INSERT INTO Location (LocationID, City, State, Country) VALUES (114, 'Marietta', 'GA', 'United States');
INSERT INTO Location (LocationID, City, State, Country) VALUES (115, 'Montezuma', 'GA', 'United States');
INSERT INTO Location (LocationID, City, State, Country) VALUES (116, 'Suwanee', 'GA', 'United States');
INSERT INTO Location (LocationID, City, State, Country) VALUES (117, 'Aiea', 'HI', 'United States');
INSERT INTO Location (LocationID, City, State, Country) VALUES (118, 'Honolulu', 'HI', 'United States');
INSERT INTO Location (LocationID, City, State, Country) VALUES (119, 'Liliha', 'HI', 'United States');
INSERT INTO Location (LocationID, City, State, Country) VALUES (120, 'Pukalani', 'HI', 'United States');
INSERT INTO Location (LocationID, City, State, Country) VALUES (121, 'Waianae', 'HI', 'United States');
INSERT INTO Location (LocationID, City, State, Country) VALUES (122, 'Waipahu', 'HI', 'United States');
INSERT INTO Location (LocationID, City, State, Country) VALUES (123, 'Elgin', 'IL', 'United States');
INSERT INTO Location (LocationID, City, State, Country) VALUES (124, 'Evanston', 'IL', 'United States');
INSERT INTO Location (LocationID, City, State, Country) VALUES (125, 'Highland Park', 'IL', 'United States');
INSERT INTO Location (LocationID, City, State, Country) VALUES (126, 'Seneca', 'IL', 'United States');
INSERT INTO Location (LocationID, City, State, Country) VALUES (127, 'Indianapolis', 'IN', 'United States');
INSERT INTO Location (LocationID, City, State, Country) VALUES (128, 'Inver Grove Heights', 'MN', 'United States');
INSERT INTO Location (LocationID, City, State, Country) VALUES (129, 'Ferguson', 'MO', 'United States');
INSERT INTO Location (LocationID, City, State, Country) VALUES (130, 'St. Louis', 'MO', 'United States');
INSERT INTO Location (LocationID, City, State, Country) VALUES (131, 'Henderson', 'NV', 'United States');
INSERT INTO Location (LocationID, City, State, Country) VALUES (132, 'Las Vegas', 'NV', 'United States');
INSERT INTO Location (LocationID, City, State, Country) VALUES (133, 'Corvallis', 'OR', 'United States');
INSERT INTO Location (LocationID, City, State, Country) VALUES (134, 'Independence', 'OR', 'United States');
INSERT INTO Location (LocationID, City, State, Country) VALUES (135, 'Portland', 'OR', 'United States');
INSERT INTO Location (LocationID, City, State, Country) VALUES (136, 'Aledo', 'TX', 'United States');
INSERT INTO Location (LocationID, City, State, Country) VALUES (137, 'Allen', 'TX', 'United States');
INSERT INTO Location (LocationID, City, State, Country) VALUES (138, 'Argyle', 'TX', 'United States');
INSERT INTO Location (LocationID, City, State, Country) VALUES (139, 'Austin', 'TX', 'United States');
INSERT INTO Location (LocationID, City, State, Country) VALUES (140, 'Cibolo', 'TX', 'United States');
INSERT INTO Location (LocationID, City, State, Country) VALUES (141, 'Dallas', 'TX', 'United States');
INSERT INTO Location (LocationID, City, State, Country) VALUES (142, 'DeSoto', 'TX', 'United States');
INSERT INTO Location (LocationID, City, State, Country) VALUES (143, 'El Paso', 'TX', 'United States');
INSERT INTO Location (LocationID, City, State, Country) VALUES (144, 'Frisco', 'TX', 'United States');
INSERT INTO Location (LocationID, City, State, Country) VALUES (145, 'Houston', 'TX', 'United States');
INSERT INTO Location (LocationID, City, State, Country) VALUES (146, 'Katy', 'TX', 'United States');
INSERT INTO Location (LocationID, City, State, Country) VALUES (147, 'League City', 'TX', 'United States');
INSERT INTO Location (LocationID, City, State, Country) VALUES (148, 'Lubbock', 'TX', 'United States');
INSERT INTO Location (LocationID, City, State, Country) VALUES (149, 'Lucas', 'TX', 'United States');
INSERT INTO Location (LocationID, City, State, Country) VALUES (150, 'New Braunfels', 'TX', 'United States');
INSERT INTO Location (LocationID, City, State, Country) VALUES (151, 'San Antonio', 'TX', 'United States');
INSERT INTO Location (LocationID, City, State, Country) VALUES (152, 'Southlake', 'TX', 'United States');
INSERT INTO Location (LocationID, City, State, Country) VALUES (153, 'Wylie', 'TX', 'United States');
INSERT INTO Location (LocationID, City, State, Country) VALUES (154, 'Elk Ridge', 'UT', 'United States');
INSERT INTO Location (LocationID, City, State, Country) VALUES (155, 'Layton', 'UT', 'United States');
INSERT INTO Location (LocationID, City, State, Country) VALUES (156, 'Salt Lake City', 'UT', 'United States');
INSERT INTO Location (LocationID, City, State, Country) VALUES (157, 'Washington D.C.', 'Washington D.C.', 'United States');
INSERT INTO Location (LocationID, City, State, Country) VALUES (158, 'Appleton', 'WI', 'United States');
INSERT INTO Location (LocationID, City, State, Country) VALUES (159, 'Burlington', 'WI', 'United States');
INSERT INTO Location (LocationID, City, State, Country) VALUES (160, 'Milwaukee', 'WI', 'United States');
INSERT INTO Location (LocationID, City, State, Country) VALUES (161, 'For Collins', 'CO', 'United States');
INSERT INTO Location (LocationID, City, State, Country) VALUES (162, 'Greenwood Village', 'CO', 'United States');
INSERT INTO Location (LocationID, City, State, Country) VALUES (163, 'Des Moines', 'IA', 'United States');
INSERT INTO Location (LocationID, City, State, Country) VALUES (164, 'Baton Rouge', 'LA', 'United States');
INSERT INTO Location (LocationID, City, State, Country) VALUES (165, 'Kaplan', 'LA', 'United States');
INSERT INTO Location (LocationID, City, State, Country) VALUES (166, 'Many', 'LA', 'United States');
INSERT INTO Location (LocationID, City, State, Country) VALUES (167, 'New Orleans', 'LA', 'United States');
INSERT INTO Location (LocationID, City, State, Country) VALUES (168, 'Shreveport', 'LA', 'United States');
INSERT INTO Location (LocationID, City, State, Country) VALUES (169, 'Villa', 'LA', 'United States');
INSERT INTO Location (LocationID, City, State, Country) VALUES (170, 'Detroit', 'MI', 'United States');
INSERT INTO Location (LocationID, City, State, Country) VALUES (171, 'Plymouth', 'MI', 'United States');
INSERT INTO Location (LocationID, City, State, Country) VALUES (172, 'Saline', 'MI', 'United States');
INSERT INTO Location (LocationID, City, State, Country) VALUES (173, 'Traverse City', 'MI', 'United States');
INSERT INTO Location (LocationID, City, State, Country) VALUES (174, 'Jersey City', 'NJ', 'United States');
INSERT INTO Location (LocationID, City, State, Country) VALUES (175, 'Mahwah', 'NJ', 'United States');
INSERT INTO Location (LocationID, City, State, Country) VALUES (176, 'Montclair', 'NJ', 'United States');
INSERT INTO Location (LocationID, City, State, Country) VALUES (177, 'Morristown', 'NJ', 'United States');
INSERT INTO Location (LocationID, City, State, Country) VALUES (178, 'Mullica Hill', 'NJ', 'United States');
INSERT INTO Location (LocationID, City, State, Country) VALUES (179, 'Roswell', 'NM', 'United States');
INSERT INTO Location (LocationID, City, State, Country) VALUES (180, 'Lincoln', 'NE', 'United States');
INSERT INTO Location (LocationID, City, State, Country) VALUES (181, 'Oklahoma City', 'OK', 'United States');
INSERT INTO Location (LocationID, City, State, Country) VALUES (182, 'Chester', 'PA', 'United States');
INSERT INTO Location (LocationID, City, State, Country) VALUES (183, 'Murfreesboro', 'TN', 'United States');
INSERT INTO Location (LocationID, City, State, Country) VALUES (184, 'Fagatogo', 'American Samoa', 'United States');
INSERT INTO Location (LocationID, City, State, Country) VALUES (185, 'Pago Pago', 'American Samoa', 'United States');
INSERT INTO Location (LocationID, City, State, Country) VALUES (186, 'Chesapeake', 'VA', 'United States');
INSERT INTO Location (LocationID, City, State, Country) VALUES (187, 'Gainesville', 'VA', 'United States');
INSERT INTO Location (LocationID, City, State, Country) VALUES (188, 'Leesburg', 'VA', 'United States');
INSERT INTO Location (LocationID, City, State, Country) VALUES (189, 'Kirkland', 'WA', 'United States');
INSERT INTO Location (LocationID, City, State, Country) VALUES (190, 'Vancouver', 'WA', 'United States');
INSERT INTO Location (LocationID, City, State, Country) VALUES (191, 'Melbourne', 'Victoria', 'Australia');




CREATE TABLE Person
(
    PersonID INTEGER PRIMARY KEY,
    FirstName TEXT,
    LastName TEXT,
    TeamID INTEGER,
    HomeTownID INTEGER
);
INSERT INTO Person (PersonID, FirstName, LastName, TeamID, HomeTownID) VALUES (1, 'Ralph', 'Frias', 1, 19);
INSERT INTO Person (PersonID, FirstName, LastName, TeamID, HomeTownID) VALUES (2, 'Grayson', 'Barry', 1, 20);
INSERT INTO Person (PersonID, FirstName, LastName, TeamID, HomeTownID) VALUES (3, 'K.J.', 'Jarrell', 1, 20);
INSERT INTO Person (PersonID, FirstName, LastName, TeamID, HomeTownID) VALUES (4, 'Ryan', 'Kelley', 1, 10);
INSERT INTO Person (PersonID, FirstName, LastName, TeamID, HomeTownID) VALUES (5, 'Tyler', 'Whiley', 1, 20);
INSERT INTO Person (PersonID, FirstName, LastName, TeamID, HomeTownID) VALUES (6, 'Chase', 'Lucas', 1, 10);
INSERT INTO Person (PersonID, FirstName, LastName, TeamID, HomeTownID) VALUES (7, 'Angel', 'Ruiz', 1, 16);
INSERT INTO Person (PersonID, FirstName, LastName, TeamID, HomeTownID) VALUES (8, 'Paul', 'Lucas', 1, 17);
INSERT INTO Person (PersonID, FirstName, LastName, TeamID, HomeTownID) VALUES (9, 'Kyle', 'Soelle', 1, 20);
INSERT INTO Person (PersonID, FirstName, LastName, TeamID, HomeTownID) VALUES (10, 'Alijah', 'Gammage', 1, 17);
INSERT INTO Person (PersonID, FirstName, LastName, TeamID, HomeTownID) VALUES (11, 'Tyler', 'Johnson', 1, 11);
INSERT INTO Person (PersonID, FirstName, LastName, TeamID, HomeTownID) VALUES (12, 'Kevin', 'Macias', 1, 15);
INSERT INTO Person (PersonID, FirstName, LastName, TeamID, HomeTownID) VALUES (13, 'Christian', 'Zendejas', 1, 10);
INSERT INTO Person (PersonID, FirstName, LastName, TeamID, HomeTownID) VALUES (14, 'Caleb', 'McShanag', 1, 17);
INSERT INTO Person (PersonID, FirstName, LastName, TeamID, HomeTownID) VALUES (15, 'Jordan', 'Ware', 1, 16);
INSERT INTO Person (PersonID, FirstName, LastName, TeamID, HomeTownID) VALUES (16, 'Casey', 'Tucker', 1, 11);
INSERT INTO Person (PersonID, FirstName, LastName, TeamID, HomeTownID) VALUES (17, 'Jordan', 'Hoyt', 1, 10);
INSERT INTO Person (PersonID, FirstName, LastName, TeamID, HomeTownID) VALUES (18, 'Quinn', 'Bailey', 1, 11);
INSERT INTO Person (PersonID, FirstName, LastName, TeamID, HomeTownID) VALUES (19, 'Kyle', 'Breed', 1, 22);
INSERT INTO Person (PersonID, FirstName, LastName, TeamID, HomeTownID) VALUES (20, 'Joseph', 'Reeves', 1, 9);
INSERT INTO Person (PersonID, FirstName, LastName, TeamID, HomeTownID) VALUES (21, 'Marco', 'Salas', 1, 15);
INSERT INTO Person (PersonID, FirstName, LastName, TeamID, HomeTownID) VALUES (22, 'Jesse', 'Cozens', 1, 21);
INSERT INTO Person (PersonID, FirstName, LastName, TeamID, HomeTownID) VALUES (23, 'Anthony', 'Nicastro', 1, 21);
INSERT INTO Person (PersonID, FirstName, LastName, TeamID, HomeTownID) VALUES (24, 'Jonathan', 'Sanchez', 1, 15);
INSERT INTO Person (PersonID, FirstName, LastName, TeamID, HomeTownID) VALUES (25, 'Michael', 'Tate', 1, 11);
INSERT INTO Person (PersonID, FirstName, LastName, TeamID, HomeTownID) VALUES (26, 'Steven', 'Miller', 1, 11);
INSERT INTO Person (PersonID, FirstName, LastName, TeamID, HomeTownID) VALUES (27, 'Cade', 'Cote', 1, 11);
INSERT INTO Person (PersonID, FirstName, LastName, TeamID, HomeTownID) VALUES (28, 'Corey', 'Stephens', 1, 20);
INSERT INTO Person (PersonID, FirstName, LastName, TeamID, HomeTownID) VALUES (29, 'Mark', 'Walton', 1, 23);
INSERT INTO Person (PersonID, FirstName, LastName, TeamID, HomeTownID) VALUES (30, 'Curtis', 'Hodges', 1, 15);
INSERT INTO Person (PersonID, FirstName, LastName, TeamID, HomeTownID) VALUES (31, 'Jarick', 'Caldwell', 1, 10);
INSERT INTO Person (PersonID, FirstName, LastName, TeamID, HomeTownID) VALUES (32, 'Michael', 'Gombert', 1, 20);
INSERT INTO Person (PersonID, FirstName, LastName, TeamID, HomeTownID) VALUES (33, 'Nami', 'Tuitu''u', 1, 15);
INSERT INTO Person (PersonID, FirstName, LastName, TeamID, HomeTownID) VALUES (34, 'Erik', 'Dickerson', 1, 20);
INSERT INTO Person (PersonID, FirstName, LastName, TeamID, HomeTownID) VALUES (35, 'Joseph', 'Zepp', 1, 20);
INSERT INTO Person (PersonID, FirstName, LastName, TeamID, HomeTownID) VALUES (36, 'D.J.', 'Davidson', 1, 15);
INSERT INTO Person (PersonID, FirstName, LastName, TeamID, HomeTownID) VALUES (37, 'N''Keal', 'Harry', 1, 10);
INSERT INTO Person (PersonID, FirstName, LastName, TeamID, HomeTownID) VALUES (38, 'Brandon', 'Ruiz', 1, 11);
INSERT INTO Person (PersonID, FirstName, LastName, TeamID, HomeTownID) VALUES (39, 'Darien', 'Butler', 1, 47);
INSERT INTO Person (PersonID, FirstName, LastName, TeamID, HomeTownID) VALUES (40, 'Brandon', 'Aiyuk', 1, 84);
INSERT INTO Person (PersonID, FirstName, LastName, TeamID, HomeTownID) VALUES (41, 'Manny', 'Wilkins', 1, 73);
INSERT INTO Person (PersonID, FirstName, LastName, TeamID, HomeTownID) VALUES (42, 'Kobe', 'Williams', 1, 61);
INSERT INTO Person (PersonID, FirstName, LastName, TeamID, HomeTownID) VALUES (43, 'Beau', 'Barrington', 1, 93);
INSERT INTO Person (PersonID, FirstName, LastName, TeamID, HomeTownID) VALUES (44, 'Merlin', 'Robertson', 1, 44);
INSERT INTO Person (PersonID, FirstName, LastName, TeamID, HomeTownID) VALUES (45, 'Jay Jay', 'Wilson', 1, 101);
INSERT INTO Person (PersonID, FirstName, LastName, TeamID, HomeTownID) VALUES (46, 'Kyle', 'Williams', 1, 68);
INSERT INTO Person (PersonID, FirstName, LastName, TeamID, HomeTownID) VALUES (47, 'Darien', 'Cornay', 1, 62);
INSERT INTO Person (PersonID, FirstName, LastName, TeamID, HomeTownID) VALUES (48, 'Bobby', 'Avina', 1, 66);
INSERT INTO Person (PersonID, FirstName, LastName, TeamID, HomeTownID) VALUES (49, 'Aashari', 'Crosswell', 1, 61);
INSERT INTO Person (PersonID, FirstName, LastName, TeamID, HomeTownID) VALUES (50, 'Matthew', 'Bazarevitsch', 1, 79);
INSERT INTO Person (PersonID, FirstName, LastName, TeamID, HomeTownID) VALUES (51, 'Khaylan', 'Kearse-Thomas', 1, 81);
INSERT INTO Person (PersonID, FirstName, LastName, TeamID, HomeTownID) VALUES (52, 'Keith', 'Davis', 1, 88);
INSERT INTO Person (PersonID, FirstName, LastName, TeamID, HomeTownID) VALUES (53, 'Demonte', 'King', 1, 27);
INSERT INTO Person (PersonID, FirstName, LastName, TeamID, HomeTownID) VALUES (54, 'Dasmond', 'Tautalatasi', 1, 34);
INSERT INTO Person (PersonID, FirstName, LastName, TeamID, HomeTownID) VALUES (55, 'Isaiah', 'Floyd', 1, 80);
INSERT INTO Person (PersonID, FirstName, LastName, TeamID, HomeTownID) VALUES (56, 'Malik', 'Lawal', 1, 98);
INSERT INTO Person (PersonID, FirstName, LastName, TeamID, HomeTownID) VALUES (57, 'Jalen', 'Harvey', 1, 40);
INSERT INTO Person (PersonID, FirstName, LastName, TeamID, HomeTownID) VALUES (58, 'Ely', 'Doyle', 1, 65);
INSERT INTO Person (PersonID, FirstName, LastName, TeamID, HomeTownID) VALUES (59, 'Jarrett', 'Bell', 1, 71);
INSERT INTO Person (PersonID, FirstName, LastName, TeamID, HomeTownID) VALUES (60, 'Zach', 'Robertson', 1, 27);
INSERT INTO Person (PersonID, FirstName, LastName, TeamID, HomeTownID) VALUES (61, 'Reggie', 'Hughes', 1, 28);
INSERT INTO Person (PersonID, FirstName, LastName, TeamID, HomeTownID) VALUES (62, 'Alex', 'Losoya', 1, 92);
INSERT INTO Person (PersonID, FirstName, LastName, TeamID, HomeTownID) VALUES (63, 'Tyson', 'Rising', 1, 102);
INSERT INTO Person (PersonID, FirstName, LastName, TeamID, HomeTownID) VALUES (64, 'Roy', 'Hemsley', 1, 63);
INSERT INTO Person (PersonID, FirstName, LastName, TeamID, HomeTownID) VALUES (65, 'Eddie', 'Medina', 1, 31);
INSERT INTO Person (PersonID, FirstName, LastName, TeamID, HomeTownID) VALUES (66, 'Cohl', 'Cabral', 1, 81);
INSERT INTO Person (PersonID, FirstName, LastName, TeamID, HomeTownID) VALUES (67, 'Geordon', 'Porter', 1, 81);
INSERT INTO Person (PersonID, FirstName, LastName, TeamID, HomeTownID) VALUES (68, 'C.J.', 'Jarmon', 1, 97);
INSERT INTO Person (PersonID, FirstName, LastName, TeamID, HomeTownID) VALUES (69, 'Tommy', 'Hudson', 1, 89);
INSERT INTO Person (PersonID, FirstName, LastName, TeamID, HomeTownID) VALUES (70, 'Ceejhay', 'French-Love', 1, 61);
INSERT INTO Person (PersonID, FirstName, LastName, TeamID, HomeTownID) VALUES (71, 'Jermayne', 'Lole', 1, 61);
INSERT INTO Person (PersonID, FirstName, LastName, TeamID, HomeTownID) VALUES (72, 'Spencer', 'Lovell', 1, 161);
INSERT INTO Person (PersonID, FirstName, LastName, TeamID, HomeTownID) VALUES (73, 'Preston', 'Liger', 1, 109);
INSERT INTO Person (PersonID, FirstName, LastName, TeamID, HomeTownID) VALUES (74, 'Dougladson', 'Subtyl', 1, 108);
INSERT INTO Person (PersonID, FirstName, LastName, TeamID, HomeTownID) VALUES (75, 'Ryan', 'Jenkins', 1, 114);
INSERT INTO Person (PersonID, FirstName, LastName, TeamID, HomeTownID) VALUES (76, 'Joey', 'Bryant', 1, 119);
INSERT INTO Person (PersonID, FirstName, LastName, TeamID, HomeTownID) VALUES (77, 'Parker', 'Higgins', 1, 118);
INSERT INTO Person (PersonID, FirstName, LastName, TeamID, HomeTownID) VALUES (78, 'Josh', 'Pokraka', 1, 118);
INSERT INTO Person (PersonID, FirstName, LastName, TeamID, HomeTownID) VALUES (79, 'Tyerell', 'Baldonado-Kaeiopu', 1, 120);
INSERT INTO Person (PersonID, FirstName, LastName, TeamID, HomeTownID) VALUES (80, 'Tannor', 'Park', 1, 123);
INSERT INTO Person (PersonID, FirstName, LastName, TeamID, HomeTownID) VALUES (81, 'Kurt', 'Walding', 1, 163);
INSERT INTO Person (PersonID, FirstName, LastName, TeamID, HomeTownID) VALUES (82, 'Terrell', 'Chatman', 1, 164);
INSERT INTO Person (PersonID, FirstName, LastName, TeamID, HomeTownID) VALUES (83, 'A.J.', 'Carter', 1, 166);
INSERT INTO Person (PersonID, FirstName, LastName, TeamID, HomeTownID) VALUES (84, 'George', 'Lea', 1, 167);
INSERT INTO Person (PersonID, FirstName, LastName, TeamID, HomeTownID) VALUES (85, 'Jalen', 'Bates', 1, 165);
INSERT INTO Person (PersonID, FirstName, LastName, TeamID, HomeTownID) VALUES (86, 'Shannon', 'Forman', 1, 164);
INSERT INTO Person (PersonID, FirstName, LastName, TeamID, HomeTownID) VALUES (87, 'Koron', 'Crump', 1, 130);
INSERT INTO Person (PersonID, FirstName, LastName, TeamID, HomeTownID) VALUES (88, 'Renell', 'Wren', 1, 130);
INSERT INTO Person (PersonID, FirstName, LastName, TeamID, HomeTownID) VALUES (89, 'Darius', 'Slade', 1, 176);
INSERT INTO Person (PersonID, FirstName, LastName, TeamID, HomeTownID) VALUES (90, 'Mark', 'Cosgrove', 1, 178);
INSERT INTO Person (PersonID, FirstName, LastName, TeamID, HomeTownID) VALUES (91, 'Frank', 'Darby', 1, 174);
INSERT INTO Person (PersonID, FirstName, LastName, TeamID, HomeTownID) VALUES (92, 'Kyle', 'Remo', 1, 175);
INSERT INTO Person (PersonID, FirstName, LastName, TeamID, HomeTownID) VALUES (93, 'Cody', 'French', 1, 179);
INSERT INTO Person (PersonID, FirstName, LastName, TeamID, HomeTownID) VALUES (94, 'Jared', 'Bubak', 1, 180);
INSERT INTO Person (PersonID, FirstName, LastName, TeamID, HomeTownID) VALUES (95, 'Evan', 'Fields', 1, 181);
INSERT INTO Person (PersonID, FirstName, LastName, TeamID, HomeTownID) VALUES (96, 'Benjamin', 'Winans', 1, 183);
INSERT INTO Person (PersonID, FirstName, LastName, TeamID, HomeTownID) VALUES (97, 'Eno', 'Benjamin', 1, 153);
INSERT INTO Person (PersonID, FirstName, LastName, TeamID, HomeTownID) VALUES (98, 'Dominique', 'Harrison', 1, 145);
INSERT INTO Person (PersonID, FirstName, LastName, TeamID, HomeTownID) VALUES (99, 'John', 'Humphrey', 1, 147);
INSERT INTO Person (PersonID, FirstName, LastName, TeamID, HomeTownID) VALUES (100, 'Stanley', 'Lambert', 1, 151);
INSERT INTO Person (PersonID, FirstName, LastName, TeamID, HomeTownID) VALUES (101, 'Cam', 'Phillips', 1, 145);
INSERT INTO Person (PersonID, FirstName, LastName, TeamID, HomeTownID) VALUES (102, 'Dillon', 'Sterling-Cole', 1, 145);
INSERT INTO Person (PersonID, FirstName, LastName, TeamID, HomeTownID) VALUES (103, 'Ryan', 'Newsome', 1, 136);
INSERT INTO Person (PersonID, FirstName, LastName, TeamID, HomeTownID) VALUES (104, 'Langston', 'Frederick', 1, 147);
INSERT INTO Person (PersonID, FirstName, LastName, TeamID, HomeTownID) VALUES (105, 'Nick', 'Ralston', 1, 138);
INSERT INTO Person (PersonID, FirstName, LastName, TeamID, HomeTownID) VALUES (106, 'Trelon', 'Smith', 1, 145);
INSERT INTO Person (PersonID, FirstName, LastName, TeamID, HomeTownID) VALUES (107, 'Michael', 'Turk', 1, 141);
INSERT INTO Person (PersonID, FirstName, LastName, TeamID, HomeTownID) VALUES (108, 'Ty', 'Thomas', 1, 148);
INSERT INTO Person (PersonID, FirstName, LastName, TeamID, HomeTownID) VALUES (109, 'Tavian', 'Gould', 1, 152);
INSERT INTO Person (PersonID, FirstName, LastName, TeamID, HomeTownID) VALUES (110, 'Brock', 'Sturges', 1, 137);
INSERT INTO Person (PersonID, FirstName, LastName, TeamID, HomeTownID) VALUES (111, 'Ochuko', 'Duke', 1, 137);
INSERT INTO Person (PersonID, FirstName, LastName, TeamID, HomeTownID) VALUES (112, 'Michael', 'Matus', 1, 146);
INSERT INTO Person (PersonID, FirstName, LastName, TeamID, HomeTownID) VALUES (113, 'John', 'O''Brien', 1, 150);
INSERT INTO Person (PersonID, FirstName, LastName, TeamID, HomeTownID) VALUES (114, 'Michael', 'Sleep-Dalton', 1, 1);
INSERT INTO Person (PersonID, FirstName, LastName, TeamID, HomeTownID) VALUES (115, 'Terin', 'Adams', 1, 189);
INSERT INTO Person (PersonID, FirstName, LastName, TeamID, HomeTownID) VALUES (116, 'Mason', 'Schell', 1, 190);
INSERT INTO Person (PersonID, FirstName, LastName, TeamID, HomeTownID) VALUES (117, 'Riley', 'John', 1, 158);
INSERT INTO Person (PersonID, FirstName, LastName, TeamID, HomeTownID) VALUES (118, 'Kyle', 'Jones', 1, 159);
INSERT INTO Person (PersonID, FirstName, LastName, TeamID, HomeTownID) VALUES (119, 'Dereck', 'Boles', 2, 2);
INSERT INTO Person (PersonID, FirstName, LastName, TeamID, HomeTownID) VALUES (120, 'Troy', 'Young', 2, 6);
INSERT INTO Person (PersonID, FirstName, LastName, TeamID, HomeTownID) VALUES (121, 'Drew', 'Dixon', 2, 22);
INSERT INTO Person (PersonID, FirstName, LastName, TeamID, HomeTownID) VALUES (122, 'Rhett', 'Rodriguez', 2, 22);
INSERT INTO Person (PersonID, FirstName, LastName, TeamID, HomeTownID) VALUES (123, 'Malcolm', 'Holland', 2, 10);
INSERT INTO Person (PersonID, FirstName, LastName, TeamID, HomeTownID) VALUES (124, 'Jamarye', 'Joiner', 2, 22);
INSERT INTO Person (PersonID, FirstName, LastName, TeamID, HomeTownID) VALUES (125, 'Luke', 'Ashworth', 2, 17);
INSERT INTO Person (PersonID, FirstName, LastName, TeamID, HomeTownID) VALUES (126, 'Jake', 'Glatting', 2, 17);
INSERT INTO Person (PersonID, FirstName, LastName, TeamID, HomeTownID) VALUES (127, 'Shawn', 'Poindexter', 2, 16);
INSERT INTO Person (PersonID, FirstName, LastName, TeamID, HomeTownID) VALUES (128, 'Matt', 'Aragon', 2, 22);
INSERT INTO Person (PersonID, FirstName, LastName, TeamID, HomeTownID) VALUES (129, 'Terrence', 'Johnson', 2, 22);
INSERT INTO Person (PersonID, FirstName, LastName, TeamID, HomeTownID) VALUES (130, 'Branden', 'Leon', 2, 13);
INSERT INTO Person (PersonID, FirstName, LastName, TeamID, HomeTownID) VALUES (131, 'Rourke', 'Freeburg', 2, 20);
INSERT INTO Person (PersonID, FirstName, LastName, TeamID, HomeTownID) VALUES (132, 'Parker', 'Henley', 2, 10);
INSERT INTO Person (PersonID, FirstName, LastName, TeamID, HomeTownID) VALUES (133, 'Jalen', 'Harris', 2, 15);
INSERT INTO Person (PersonID, FirstName, LastName, TeamID, HomeTownID) VALUES (134, 'Josh', 'McCauley', 2, 15);
INSERT INTO Person (PersonID, FirstName, LastName, TeamID, HomeTownID) VALUES (135, 'Donald', 'Reiter', 2, 12);
INSERT INTO Person (PersonID, FirstName, LastName, TeamID, HomeTownID) VALUES (136, 'Rexx', 'Tessler', 2, 20);
INSERT INTO Person (PersonID, FirstName, LastName, TeamID, HomeTownID) VALUES (137, 'Nick', 'Reinhardt', 2, 20);
INSERT INTO Person (PersonID, FirstName, LastName, TeamID, HomeTownID) VALUES (138, 'Layth', 'Friekh', 2, 12);
INSERT INTO Person (PersonID, FirstName, LastName, TeamID, HomeTownID) VALUES (139, 'My-King', 'Johnson', 2, 17);
INSERT INTO Person (PersonID, FirstName, LastName, TeamID, HomeTownID) VALUES (140, 'Steven', 'Bailey', 2, 14);
INSERT INTO Person (PersonID, FirstName, LastName, TeamID, HomeTownID) VALUES (141, 'Nathan', 'Eldridge', 2, 8);
INSERT INTO Person (PersonID, FirstName, LastName, TeamID, HomeTownID) VALUES (142, 'David', 'Watson', 2, 22);
INSERT INTO Person (PersonID, FirstName, LastName, TeamID, HomeTownID) VALUES (143, 'Tyrell', 'Aponte', 2, 16);
INSERT INTO Person (PersonID, FirstName, LastName, TeamID, HomeTownID) VALUES (144, 'Tyson', 'Gardner', 2, 18);
INSERT INTO Person (PersonID, FirstName, LastName, TeamID, HomeTownID) VALUES (145, 'Dante', 'Blissit', 2, 13);
INSERT INTO Person (PersonID, FirstName, LastName, TeamID, HomeTownID) VALUES (146, 'Stanley', 'Berryhill III', 2, 22);
INSERT INTO Person (PersonID, FirstName, LastName, TeamID, HomeTownID) VALUES (147, 'Matt', 'Thomas', 2, 22);
INSERT INTO Person (PersonID, FirstName, LastName, TeamID, HomeTownID) VALUES (148, 'Finton', 'Connolly', 2, 11);
INSERT INTO Person (PersonID, FirstName, LastName, TeamID, HomeTownID) VALUES (149, 'Demetrius', 'Flannigan-Fowles', 2, 22);
INSERT INTO Person (PersonID, FirstName, LastName, TeamID, HomeTownID) VALUES (150, 'Lorenzo', 'Burns', 2, 68);
INSERT INTO Person (PersonID, FirstName, LastName, TeamID, HomeTownID) VALUES (151, 'Brian', 'Casteel', 2, 79);
INSERT INTO Person (PersonID, FirstName, LastName, TeamID, HomeTownID) VALUES (152, 'Devaughn', 'Cooper', 2, 63);
INSERT INTO Person (PersonID, FirstName, LastName, TeamID, HomeTownID) VALUES (153, 'Colin', 'Schooler', 2, 37);
INSERT INTO Person (PersonID, FirstName, LastName, TeamID, HomeTownID) VALUES (154, 'Tony', 'Ellison', 2, 46);
INSERT INTO Person (PersonID, FirstName, LastName, TeamID, HomeTownID) VALUES (155, 'JB', 'Brown', 2, 61);
INSERT INTO Person (PersonID, FirstName, LastName, TeamID, HomeTownID) VALUES (156, 'Chacho', 'Ulloa', 2, 35);
INSERT INTO Person (PersonID, FirstName, LastName, TeamID, HomeTownID) VALUES (157, 'Khalil', 'Tate', 2, 50);
INSERT INTO Person (PersonID, FirstName, LastName, TeamID, HomeTownID) VALUES (158, 'Kylan', 'Wilborn', 2, 72);
INSERT INTO Person (PersonID, FirstName, LastName, TeamID, HomeTownID) VALUES (159, 'McKenzie', 'Barnes', 2, 43);
INSERT INTO Person (PersonID, FirstName, LastName, TeamID, HomeTownID) VALUES (160, 'Andrew', 'Tovar', 2, 95);
INSERT INTO Person (PersonID, FirstName, LastName, TeamID, HomeTownID) VALUES (161, 'Jace', 'Whittaker', 2, 75);
INSERT INTO Person (PersonID, FirstName, LastName, TeamID, HomeTownID) VALUES (162, 'Cedric', 'Peterson', 2, 67);
INSERT INTO Person (PersonID, FirstName, LastName, TeamID, HomeTownID) VALUES (163, 'Scottie', 'Young Jr.', 2, 88);
INSERT INTO Person (PersonID, FirstName, LastName, TeamID, HomeTownID) VALUES (164, 'Azizi', 'Hearn', 2, 75);
INSERT INTO Person (PersonID, FirstName, LastName, TeamID, HomeTownID) VALUES (165, 'Isaiah', 'Hayes', 2, 63);
INSERT INTO Person (PersonID, FirstName, LastName, TeamID, HomeTownID) VALUES (166, 'J.J.', 'Taylor', 2, 35);
INSERT INTO Person (PersonID, FirstName, LastName, TeamID, HomeTownID) VALUES (167, 'Rhedi', 'Short', 2, 63);
INSERT INTO Person (PersonID, FirstName, LastName, TeamID, HomeTownID) VALUES (168, 'Anthony', 'Mariscal', 2, 26);
INSERT INTO Person (PersonID, FirstName, LastName, TeamID, HomeTownID) VALUES (169, 'Anthony', 'Pandy', 2, 29);
INSERT INTO Person (PersonID, FirstName, LastName, TeamID, HomeTownID) VALUES (170, 'Nazar', 'Bombata', 2, 63);
INSERT INTO Person (PersonID, FirstName, LastName, TeamID, HomeTownID) VALUES (171, 'Nathan', 'Tilford', 2, 42);
INSERT INTO Person (PersonID, FirstName, LastName, TeamID, HomeTownID) VALUES (172, 'Jacob', 'Colacion', 2, 54);
INSERT INTO Person (PersonID, FirstName, LastName, TeamID, HomeTownID) VALUES (173, 'Chandler', 'Gumbs', 2, 38);
INSERT INTO Person (PersonID, FirstName, LastName, TeamID, HomeTownID) VALUES (174, 'Xavier', 'Bell', 2, 61);
INSERT INTO Person (PersonID, FirstName, LastName, TeamID, HomeTownID) VALUES (175, 'Dylan', 'Klumph', 2, 64);
INSERT INTO Person (PersonID, FirstName, LastName, TeamID, HomeTownID) VALUES (176, 'Lucas', 'Havrisik', 2, 83);
INSERT INTO Person (PersonID, FirstName, LastName, TeamID, HomeTownID) VALUES (177, 'Kurtis', 'Brown', 2, 26);
INSERT INTO Person (PersonID, FirstName, LastName, TeamID, HomeTownID) VALUES (178, 'Issaiah', 'Johnson', 2, 103);
INSERT INTO Person (PersonID, FirstName, LastName, TeamID, HomeTownID) VALUES (179, 'Lee', 'Anderson III', 2, 67);
INSERT INTO Person (PersonID, FirstName, LastName, TeamID, HomeTownID) VALUES (180, 'PJ', 'Johnson', 2, 86);
INSERT INTO Person (PersonID, FirstName, LastName, TeamID, HomeTownID) VALUES (181, 'Richard', 'Merritt', 2, 33);
INSERT INTO Person (PersonID, FirstName, LastName, TeamID, HomeTownID) VALUES (182, 'Bryson', 'Cain', 2, 98);
INSERT INTO Person (PersonID, FirstName, LastName, TeamID, HomeTownID) VALUES (183, 'Nahe', 'Sulunga', 2, 50);
INSERT INTO Person (PersonID, FirstName, LastName, TeamID, HomeTownID) VALUES (184, 'Mykee', 'Irving', 2, 28);
INSERT INTO Person (PersonID, FirstName, LastName, TeamID, HomeTownID) VALUES (185, 'Alex', 'Kosinski', 2, 60);
INSERT INTO Person (PersonID, FirstName, LastName, TeamID, HomeTownID) VALUES (186, 'Cody', 'Creason', 2, 41);
INSERT INTO Person (PersonID, FirstName, LastName, TeamID, HomeTownID) VALUES (187, 'Donovan', 'Laie', 2, 75);
INSERT INTO Person (PersonID, FirstName, LastName, TeamID, HomeTownID) VALUES (188, 'Jake', 'Peters', 2, 36);
INSERT INTO Person (PersonID, FirstName, LastName, TeamID, HomeTownID) VALUES (189, 'Jailen', 'Bailey', 2, 88);
INSERT INTO Person (PersonID, FirstName, LastName, TeamID, HomeTownID) VALUES (190, 'Thomas', 'Marcus Jr.', 2, 88);
INSERT INTO Person (PersonID, FirstName, LastName, TeamID, HomeTownID) VALUES (191, 'Jamie', 'Nunley', 2, 68);
INSERT INTO Person (PersonID, FirstName, LastName, TeamID, HomeTownID) VALUES (192, 'Sione', 'Taufahema', 2, 65);
INSERT INTO Person (PersonID, FirstName, LastName, TeamID, HomeTownID) VALUES (193, 'Robert', 'Congel', 2, 162);
INSERT INTO Person (PersonID, FirstName, LastName, TeamID, HomeTownID) VALUES (194, 'Jimmy', 'Banjoko-Wangjobe', 2, 110);
INSERT INTO Person (PersonID, FirstName, LastName, TeamID, HomeTownID) VALUES (195, 'K''Hari', 'Lane', 2, 115);
INSERT INTO Person (PersonID, FirstName, LastName, TeamID, HomeTownID) VALUES (196, 'Zach', 'Williams', 2, 113);
INSERT INTO Person (PersonID, FirstName, LastName, TeamID, HomeTownID) VALUES (197, 'Michael', 'Eletise', 2, 118);
INSERT INTO Person (PersonID, FirstName, LastName, TeamID, HomeTownID) VALUES (198, 'Josh', 'Pollack', 2, 125);
INSERT INTO Person (PersonID, FirstName, LastName, TeamID, HomeTownID) VALUES (199, 'Jarrius', 'Wallace', 2, 169);
INSERT INTO Person (PersonID, FirstName, LastName, TeamID, HomeTownID) VALUES (200, 'Antonio', 'Parks', 2, 167);
INSERT INTO Person (PersonID, FirstName, LastName, TeamID, HomeTownID) VALUES (201, 'Shun', 'Brown', 2, 168);
INSERT INTO Person (PersonID, FirstName, LastName, TeamID, HomeTownID) VALUES (202, 'Tim', 'Hough', 2, 170);
INSERT INTO Person (PersonID, FirstName, LastName, TeamID, HomeTownID) VALUES (203, 'Tshiyombu', 'Lukusa', 2, 173);
INSERT INTO Person (PersonID, FirstName, LastName, TeamID, HomeTownID) VALUES (204, 'Jalen', 'Cochran', 2, 171);
INSERT INTO Person (PersonID, FirstName, LastName, TeamID, HomeTownID) VALUES (205, 'Bryce', 'Wolma', 2, 172);
INSERT INTO Person (PersonID, FirstName, LastName, TeamID, HomeTownID) VALUES (206, 'Josh', 'Szott', 2, 177);
INSERT INTO Person (PersonID, FirstName, LastName, TeamID, HomeTownID) VALUES (207, 'Tony', 'Fields II', 2, 132);
INSERT INTO Person (PersonID, FirstName, LastName, TeamID, HomeTownID) VALUES (208, 'Malik', 'Hausman', 2, 132);
INSERT INTO Person (PersonID, FirstName, LastName, TeamID, HomeTownID) VALUES (209, 'Edgar', 'Burrola', 2, 132);
INSERT INTO Person (PersonID, FirstName, LastName, TeamID, HomeTownID) VALUES (210, 'Justin', 'Belknap', 2, 131);
INSERT INTO Person (PersonID, FirstName, LastName, TeamID, HomeTownID) VALUES (211, 'Gary', 'Brightwell', 2, 182);
INSERT INTO Person (PersonID, FirstName, LastName, TeamID, HomeTownID) VALUES (212, 'Christian', 'Young', 2, 145);
INSERT INTO Person (PersonID, FirstName, LastName, TeamID, HomeTownID) VALUES (213, 'Dayven', 'Coleman', 2, 141);
INSERT INTO Person (PersonID, FirstName, LastName, TeamID, HomeTownID) VALUES (214, 'William', 'Gunnell', 2, 145);
INSERT INTO Person (PersonID, FirstName, LastName, TeamID, HomeTownID) VALUES (215, 'Darrius', 'Smith', 2, 145);
INSERT INTO Person (PersonID, FirstName, LastName, TeamID, HomeTownID) VALUES (216, 'Tristan', 'Cooper', 2, 143);
INSERT INTO Person (PersonID, FirstName, LastName, TeamID, HomeTownID) VALUES (217, 'Blake', 'Pfaff', 2, 149);
INSERT INTO Person (PersonID, FirstName, LastName, TeamID, HomeTownID) VALUES (218, 'Geno', 'Albini', 2, 139);
INSERT INTO Person (PersonID, FirstName, LastName, TeamID, HomeTownID) VALUES (219, 'Tre', 'Adams', 2, 144);
INSERT INTO Person (PersonID, FirstName, LastName, TeamID, HomeTownID) VALUES (220, 'Brice', 'Vooletich', 2, 145);
INSERT INTO Person (PersonID, FirstName, LastName, TeamID, HomeTownID) VALUES (221, 'Abraham', 'Maiava', 2, 184);
INSERT INTO Person (PersonID, FirstName, LastName, TeamID, HomeTownID) VALUES (222, 'Sammy', 'Morrison', 2, 188);
INSERT INTO Person (PersonID, FirstName, LastName, TeamID, HomeTownID) VALUES (223, 'Thomas', 'Reid III', 2, 186);
INSERT INTO Person (PersonID, FirstName, LastName, TeamID, HomeTownID) VALUES (224, 'Jon', 'Jacobs', 2, 187);
INSERT INTO Person (PersonID, FirstName, LastName, TeamID, HomeTownID) VALUES (225, 'Kevin', 'Doyle', 2, 157);
INSERT INTO Person (PersonID, FirstName, LastName, TeamID, HomeTownID) VALUES (226, 'Brandon', 'Pili', 3, 4);
INSERT INTO Person (PersonID, FirstName, LastName, TeamID, HomeTownID) VALUES (227, 'Velus', 'Jones Jr.', 3, 7);
INSERT INTO Person (PersonID, FirstName, LastName, TeamID, HomeTownID) VALUES (228, 'Spencer', 'Gilbert', 3, 5);
INSERT INTO Person (PersonID, FirstName, LastName, TeamID, HomeTownID) VALUES (229, 'Chris', 'Tilbey', 3, 191);
INSERT INTO Person (PersonID, FirstName, LastName, TeamID, HomeTownID) VALUES (230, 'Isaiah', 'Pola-Mao', 3, 17);
INSERT INTO Person (PersonID, FirstName, LastName, TeamID, HomeTownID) VALUES (231, 'Zach', 'Wilson', 3, 20);
INSERT INTO Person (PersonID, FirstName, LastName, TeamID, HomeTownID) VALUES (232, 'AJ', 'Mageo', 3, 15);
INSERT INTO Person (PersonID, FirstName, LastName, TeamID, HomeTownID) VALUES (233, 'Austin', 'Jackson', 3, 17);
INSERT INTO Person (PersonID, FirstName, LastName, TeamID, HomeTownID) VALUES (234, 'Connor', 'Murphy', 3, 15);
INSERT INTO Person (PersonID, FirstName, LastName, TeamID, HomeTownID) VALUES (235, 'Devon', 'Williams', 3, 59);
INSERT INTO Person (PersonID, FirstName, LastName, TeamID, HomeTownID) VALUES (236, 'Olaijah', 'Griffin', 3, 61);
INSERT INTO Person (PersonID, FirstName, LastName, TeamID, HomeTownID) VALUES (237, 'Trevor', 'Scully', 3, 55);
INSERT INTO Person (PersonID, FirstName, LastName, TeamID, HomeTownID) VALUES (238, 'Michael', 'Pittman Jr.', 3, 107);
INSERT INTO Person (PersonID, FirstName, LastName, TeamID, HomeTownID) VALUES (239, 'Isaac', 'Taylor-Stuart', 3, 88);
INSERT INTO Person (PersonID, FirstName, LastName, TeamID, HomeTownID) VALUES (240, 'Stephen', 'Carr', 3, 44);
INSERT INTO Person (PersonID, FirstName, LastName, TeamID, HomeTownID) VALUES (241, 'Marvell', 'Tell III', 3, 79);
INSERT INTO Person (PersonID, FirstName, LastName, TeamID, HomeTownID) VALUES (242, 'Iman', 'Marshall', 3, 61);
INSERT INTO Person (PersonID, FirstName, LastName, TeamID, HomeTownID) VALUES (243, 'Amon-Ra', 'St. Brown', 3, 25);
INSERT INTO Person (PersonID, FirstName, LastName, TeamID, HomeTownID) VALUES (244, 'Greg', 'Johnson', 3, 63);
INSERT INTO Person (PersonID, FirstName, LastName, TeamID, HomeTownID) VALUES (245, 'John', 'Houston Jr.', 3, 29);
INSERT INTO Person (PersonID, FirstName, LastName, TeamID, HomeTownID) VALUES (246, 'Jack', 'Sears', 3, 87);
INSERT INTO Person (PersonID, FirstName, LastName, TeamID, HomeTownID) VALUES (247, 'Brandon', 'Perdue', 3, 94);
INSERT INTO Person (PersonID, FirstName, LastName, TeamID, HomeTownID) VALUES (248, 'Trevon', 'Sidney', 3, 79);
INSERT INTO Person (PersonID, FirstName, LastName, TeamID, HomeTownID) VALUES (249, 'Dominic', 'Davis', 3, 63);
INSERT INTO Person (PersonID, FirstName, LastName, TeamID, HomeTownID) VALUES (250, 'Holden', 'Thomas', 3, 78);
INSERT INTO Person (PersonID, FirstName, LastName, TeamID, HomeTownID) VALUES (251, 'Chase', 'Williams', 3, 35);
INSERT INTO Person (PersonID, FirstName, LastName, TeamID, HomeTownID) VALUES (252, 'JT', 'Daniels', 3, 51);
INSERT INTO Person (PersonID, FirstName, LastName, TeamID, HomeTownID) VALUES (253, 'Raymond', 'Scott', 3, 47);
INSERT INTO Person (PersonID, FirstName, LastName, TeamID, HomeTownID) VALUES (254, 'Matt', 'Fink', 3, 81);
INSERT INTO Person (PersonID, FirstName, LastName, TeamID, HomeTownID) VALUES (255, 'Tyler', 'Vaughns', 3, 79);
INSERT INTO Person (PersonID, FirstName, LastName, TeamID, HomeTownID) VALUES (256, 'Jonathan', 'Lockett', 3, 27);
INSERT INTO Person (PersonID, FirstName, LastName, TeamID, HomeTownID) VALUES (257, 'Isaiah', 'Langley', 3, 48);
INSERT INTO Person (PersonID, FirstName, LastName, TeamID, HomeTownID) VALUES (258, 'Jake', 'Russell', 3, 87);
INSERT INTO Person (PersonID, FirstName, LastName, TeamID, HomeTownID) VALUES (259, 'Ajene', 'Harris', 3, 63);
INSERT INTO Person (PersonID, FirstName, LastName, TeamID, HomeTownID) VALUES (260, 'C.J.', 'Pollard', 3, 29);
INSERT INTO Person (PersonID, FirstName, LastName, TeamID, HomeTownID) VALUES (261, 'Jordan', 'McMillan', 3, 63);
INSERT INTO Person (PersonID, FirstName, LastName, TeamID, HomeTownID) VALUES (262, 'Hunter', 'Echols', 3, 63);
INSERT INTO Person (PersonID, FirstName, LastName, TeamID, HomeTownID) VALUES (263, 'Richard', 'Hagestad', 3, 39);
INSERT INTO Person (PersonID, FirstName, LastName, TeamID, HomeTownID) VALUES (264, 'Matt', 'Nyman', 3, 63);
INSERT INTO Person (PersonID, FirstName, LastName, TeamID, HomeTownID) VALUES (265, 'Cameron', 'Smith', 3, 85);
INSERT INTO Person (PersonID, FirstName, LastName, TeamID, HomeTownID) VALUES (266, 'Jack', 'Webster', 3, 53);
INSERT INTO Person (PersonID, FirstName, LastName, TeamID, HomeTownID) VALUES (267, 'Davonte', 'Nunnery', 3, 77);
INSERT INTO Person (PersonID, FirstName, LastName, TeamID, HomeTownID) VALUES (268, 'Jac', 'Casasante', 3, 24);
INSERT INTO Person (PersonID, FirstName, LastName, TeamID, HomeTownID) VALUES (269, 'Howard', 'Felder Jr.', 3, 105);
INSERT INTO Person (PersonID, FirstName, LastName, TeamID, HomeTownID) VALUES (270, 'Quincy', 'Jountti', 3, 26);
INSERT INTO Person (PersonID, FirstName, LastName, TeamID, HomeTownID) VALUES (271, 'Chase', 'McGrath', 3, 70);
INSERT INTO Person (PersonID, FirstName, LastName, TeamID, HomeTownID) VALUES (272, 'Abdul-Malik', 'McClain', 3, 90);
INSERT INTO Person (PersonID, FirstName, LastName, TeamID, HomeTownID) VALUES (273, 'Malik', 'Dorton', 3, 63);
INSERT INTO Person (PersonID, FirstName, LastName, TeamID, HomeTownID) VALUES (274, 'Reid', 'Budrovich', 3, 100);
INSERT INTO Person (PersonID, FirstName, LastName, TeamID, HomeTownID) VALUES (275, 'James', 'Bermingham Jr.', 3, 57);
INSERT INTO Person (PersonID, FirstName, LastName, TeamID, HomeTownID) VALUES (276, 'Reuben', 'Peters', 3, 106);
INSERT INTO Person (PersonID, FirstName, LastName, TeamID, HomeTownID) VALUES (277, 'Matt', 'Bayle', 3, 91);
INSERT INTO Person (PersonID, FirstName, LastName, TeamID, HomeTownID) VALUES (278, 'Michael', 'Brown', 3, 98);
INSERT INTO Person (PersonID, FirstName, LastName, TeamID, HomeTownID) VALUES (279, 'Toa', 'Lobendahn', 3, 30);
INSERT INTO Person (PersonID, FirstName, LastName, TeamID, HomeTownID) VALUES (280, 'Bernard', 'Schirmer', 3, 61);
INSERT INTO Person (PersonID, FirstName, LastName, TeamID, HomeTownID) VALUES (281, 'Jacob', 'Daniel', 3, 43);
INSERT INTO Person (PersonID, FirstName, LastName, TeamID, HomeTownID) VALUES (282, 'Bryce', 'Matthews', 3, 63);
INSERT INTO Person (PersonID, FirstName, LastName, TeamID, HomeTownID) VALUES (283, 'Jalen', 'McKenzie', 3, 34);
INSERT INTO Person (PersonID, FirstName, LastName, TeamID, HomeTownID) VALUES (284, 'Jordan', 'Austin', 3, 32);
INSERT INTO Person (PersonID, FirstName, LastName, TeamID, HomeTownID) VALUES (285, 'Justin', 'Dedich', 3, 98);
INSERT INTO Person (PersonID, FirstName, LastName, TeamID, HomeTownID) VALUES (286, 'Solomon', 'Tuliaupupu', 3, 92);
INSERT INTO Person (PersonID, FirstName, LastName, TeamID, HomeTownID) VALUES (287, 'Isaac', 'Franco', 3, 63);
INSERT INTO Person (PersonID, FirstName, LastName, TeamID, HomeTownID) VALUES (288, 'Damon', 'Johnson', 3, 45);
INSERT INTO Person (PersonID, FirstName, LastName, TeamID, HomeTownID) VALUES (289, 'Jake', 'Olson', 3, 49);
INSERT INTO Person (PersonID, FirstName, LastName, TeamID, HomeTownID) VALUES (290, 'Brett', 'Neilon', 3, 82);
INSERT INTO Person (PersonID, FirstName, LastName, TeamID, HomeTownID) VALUES (291, 'Frank', 'Martin II', 3, 104);
INSERT INTO Person (PersonID, FirstName, LastName, TeamID, HomeTownID) VALUES (292, 'Mark', 'Zuvich', 3, 58);
INSERT INTO Person (PersonID, FirstName, LastName, TeamID, HomeTownID) VALUES (293, 'Liam', 'Douglass', 3, 99);
INSERT INTO Person (PersonID, FirstName, LastName, TeamID, HomeTownID) VALUES (294, 'Andrew', 'Vorhees', 3, 52);
INSERT INTO Person (PersonID, FirstName, LastName, TeamID, HomeTownID) VALUES (295, 'Alijah', 'Vera-Tucker', 3, 74);
INSERT INTO Person (PersonID, FirstName, LastName, TeamID, HomeTownID) VALUES (296, 'Clayton', 'Bradley', 3, 76);
INSERT INTO Person (PersonID, FirstName, LastName, TeamID, HomeTownID) VALUES (297, 'Chris', 'Brown', 3, 63);
INSERT INTO Person (PersonID, FirstName, LastName, TeamID, HomeTownID) VALUES (298, 'Tyler', 'Petite', 3, 56);
INSERT INTO Person (PersonID, FirstName, LastName, TeamID, HomeTownID) VALUES (299, 'Josh', 'Falo', 3, 86);
INSERT INTO Person (PersonID, FirstName, LastName, TeamID, HomeTownID) VALUES (300, 'Erik', 'Krommenhoek', 3, 38);
INSERT INTO Person (PersonID, FirstName, LastName, TeamID, HomeTownID) VALUES (301, 'Christian', 'Rector', 3, 96);
INSERT INTO Person (PersonID, FirstName, LastName, TeamID, HomeTownID) VALUES (302, 'Liam', 'Jimmons', 3, 49);
INSERT INTO Person (PersonID, FirstName, LastName, TeamID, HomeTownID) VALUES (303, 'Caleb', 'Tremblay', 3, 69);
INSERT INTO Person (PersonID, FirstName, LastName, TeamID, HomeTownID) VALUES (304, 'Keyshawn ''Pie''', 'Young', 3, 109);
INSERT INTO Person (PersonID, FirstName, LastName, TeamID, HomeTownID) VALUES (305, 'Jacob', 'Lichtenstein', 3, 111);
INSERT INTO Person (PersonID, FirstName, LastName, TeamID, HomeTownID) VALUES (306, 'Josh', 'Imatorbhebhe', 3, 116);
INSERT INTO Person (PersonID, FirstName, LastName, TeamID, HomeTownID) VALUES (307, 'Chuma', 'Edoga', 3, 112);
INSERT INTO Person (PersonID, FirstName, LastName, TeamID, HomeTownID) VALUES (308, 'Daniel', 'Imatorbhebhe', 3, 116);
INSERT INTO Person (PersonID, FirstName, LastName, TeamID, HomeTownID) VALUES (309, 'Kana''i', 'Mauga', 3, 121);
INSERT INTO Person (PersonID, FirstName, LastName, TeamID, HomeTownID) VALUES (310, 'Vavae', 'Malepeai', 3, 117);
INSERT INTO Person (PersonID, FirstName, LastName, TeamID, HomeTownID) VALUES (311, 'Jordan', 'Iosefa', 3, 122);
INSERT INTO Person (PersonID, FirstName, LastName, TeamID, HomeTownID) VALUES (312, 'Ben', 'Easington', 3, 124);
INSERT INTO Person (PersonID, FirstName, LastName, TeamID, HomeTownID) VALUES (313, 'Austin', 'Applebee', 3, 126);
INSERT INTO Person (PersonID, FirstName, LastName, TeamID, HomeTownID) VALUES (314, 'Markese', 'Stepp', 3, 127);
INSERT INTO Person (PersonID, FirstName, LastName, TeamID, HomeTownID) VALUES (315, 'Oluwole', 'Betiku Jr.', 3, 3);
INSERT INTO Person (PersonID, FirstName, LastName, TeamID, HomeTownID) VALUES (316, 'Wyatt', 'Schmidt', 3, 128);
INSERT INTO Person (PersonID, FirstName, LastName, TeamID, HomeTownID) VALUES (317, 'Trevor', 'Trout', 3, 129);
INSERT INTO Person (PersonID, FirstName, LastName, TeamID, HomeTownID) VALUES (318, 'Palaie', 'Gaoteote IV', 3, 132);
INSERT INTO Person (PersonID, FirstName, LastName, TeamID, HomeTownID) VALUES (319, 'Bubba', 'Bolden', 3, 132);
INSERT INTO Person (PersonID, FirstName, LastName, TeamID, HomeTownID) VALUES (320, 'Randal', 'Grimes', 3, 132);
INSERT INTO Person (PersonID, FirstName, LastName, TeamID, HomeTownID) VALUES (321, 'Talanoa', 'Hufanga', 3, 133);
INSERT INTO Person (PersonID, FirstName, LastName, TeamID, HomeTownID) VALUES (322, 'Eli''jah', 'Winston', 3, 135);
INSERT INTO Person (PersonID, FirstName, LastName, TeamID, HomeTownID) VALUES (323, 'Marlon', 'Tuipulotu', 3, 134);
INSERT INTO Person (PersonID, FirstName, LastName, TeamID, HomeTownID) VALUES (324, 'Juliano', 'Falaniko', 3, 185);
INSERT INTO Person (PersonID, FirstName, LastName, TeamID, HomeTownID) VALUES (325, 'Levi', 'Jones', 3, 139);
INSERT INTO Person (PersonID, FirstName, LastName, TeamID, HomeTownID) VALUES (326, 'Thomas', 'Fitts', 3, 141);
INSERT INTO Person (PersonID, FirstName, LastName, TeamID, HomeTownID) VALUES (327, 'Aca''Cedric', 'Ware', 3, 142);
INSERT INTO Person (PersonID, FirstName, LastName, TeamID, HomeTownID) VALUES (328, 'Chris', 'Edmondson', 3, 140);
INSERT INTO Person (PersonID, FirstName, LastName, TeamID, HomeTownID) VALUES (329, 'Alex', 'Stadthaus', 3, 139);
INSERT INTO Person (PersonID, FirstName, LastName, TeamID, HomeTownID) VALUES (330, 'Porter', 'Gustin', 3, 154);
INSERT INTO Person (PersonID, FirstName, LastName, TeamID, HomeTownID) VALUES (331, 'Tayler', 'Katoa', 3, 155);
INSERT INTO Person (PersonID, FirstName, LastName, TeamID, HomeTownID) VALUES (332, 'Jay', 'Tufele', 3, 156);
INSERT INTO Person (PersonID, FirstName, LastName, TeamID, HomeTownID) VALUES (333, 'Matthew', 'Hocum', 3, 160);
INSERT INTO Person (PersonID, FirstName, LastName, TeamID, HomeTownID) VALUES (334, 'Herm', 'Edwards', 1, null);
INSERT INTO Person (PersonID, FirstName, LastName, TeamID, HomeTownID) VALUES (335, 'John', 'Simon', 1, null);
INSERT INTO Person (PersonID, FirstName, LastName, TeamID, HomeTownID) VALUES (336, 'Rob', 'Likens', 1, null);
INSERT INTO Person (PersonID, FirstName, LastName, TeamID, HomeTownID) VALUES (337, 'Danny', 'Gonzales', 1, null);
INSERT INTO Person (PersonID, FirstName, LastName, TeamID, HomeTownID) VALUES (338, 'Shawn', 'Slocum', 1, null);
INSERT INTO Person (PersonID, FirstName, LastName, TeamID, HomeTownID) VALUES (339, 'Tony', 'White', 1, null);
INSERT INTO Person (PersonID, FirstName, LastName, TeamID, HomeTownID) VALUES (340, 'Antonio', 'Pierce', 1, null);
INSERT INTO Person (PersonID, FirstName, LastName, TeamID, HomeTownID) VALUES (341, 'Shaun', 'Nua', 1, null);
INSERT INTO Person (PersonID, FirstName, LastName, TeamID, HomeTownID) VALUES (342, 'Charlie', 'Fisher', 1, null);
INSERT INTO Person (PersonID, FirstName, LastName, TeamID, HomeTownID) VALUES (343, 'Dave', 'Christensen', 1, null);
INSERT INTO Person (PersonID, FirstName, LastName, TeamID, HomeTownID) VALUES (344, 'Donnie', 'Yantis', 1, null);
INSERT INTO Person (PersonID, FirstName, LastName, TeamID, HomeTownID) VALUES (345, 'Joe', 'Connolly', 1, null);
INSERT INTO Person (PersonID, FirstName, LastName, TeamID, HomeTownID) VALUES (346, 'Trey', 'Anderson', 1, null);
INSERT INTO Person (PersonID, FirstName, LastName, TeamID, HomeTownID) VALUES (347, 'Charlie', 'Renfree', 1, null);
INSERT INTO Person (PersonID, FirstName, LastName, TeamID, HomeTownID) VALUES (348, 'Brandon', 'Blackmon', 1, null);
INSERT INTO Person (PersonID, FirstName, LastName, TeamID, HomeTownID) VALUES (349, 'Lloyd', 'Carrington', 1, null);
INSERT INTO Person (PersonID, FirstName, LastName, TeamID, HomeTownID) VALUES (350, 'Sam', 'Bennett', 1, null);
INSERT INTO Person (PersonID, FirstName, LastName, TeamID, HomeTownID) VALUES (351, 'Derek', 'Hagan', 1, null);
INSERT INTO Person (PersonID, FirstName, LastName, TeamID, HomeTownID) VALUES (352, 'Kevin', 'Mawae', 1, null);
INSERT INTO Person (PersonID, FirstName, LastName, TeamID, HomeTownID) VALUES (353, 'Tim', 'Cassidy', 1, null);
INSERT INTO Person (PersonID, FirstName, LastName, TeamID, HomeTownID) VALUES (354, 'Cesar', 'Ochoa', 1, null);
INSERT INTO Person (PersonID, FirstName, LastName, TeamID, HomeTownID) VALUES (355, 'Kyle', 'Gray', 1, null);
INSERT INTO Person (PersonID, FirstName, LastName, TeamID, HomeTownID) VALUES (356, 'Markus', 'Alleyne', 1, null);
INSERT INTO Person (PersonID, FirstName, LastName, TeamID, HomeTownID) VALUES (357, 'Nate', 'Wainwright', 1, null);
INSERT INTO Person (PersonID, FirstName, LastName, TeamID, HomeTownID) VALUES (358, 'Kevin', 'Sumlin', 2, null);
INSERT INTO Person (PersonID, FirstName, LastName, TeamID, HomeTownID) VALUES (359, 'Noel', 'Mazzone', 2, null);
INSERT INTO Person (PersonID, FirstName, LastName, TeamID, HomeTownID) VALUES (360, 'Marcel', 'Yates', 2, null);
INSERT INTO Person (PersonID, FirstName, LastName, TeamID, HomeTownID) VALUES (361, 'Theron', 'Aych', 2, null);
INSERT INTO Person (PersonID, FirstName, LastName, TeamID, HomeTownID) VALUES (362, 'Joe', 'Gilbert', 2, null);
INSERT INTO Person (PersonID, FirstName, LastName, TeamID, HomeTownID) VALUES (363, 'Clarence', 'McKinney', 2, null);
INSERT INTO Person (PersonID, FirstName, LastName, TeamID, HomeTownID) VALUES (364, 'Demetrice', 'Martin', 2, null);
INSERT INTO Person (PersonID, FirstName, LastName, TeamID, HomeTownID) VALUES (365, 'Taylor', 'Mazzone', 2, null);
INSERT INTO Person (PersonID, FirstName, LastName, TeamID, HomeTownID) VALUES (366, 'John', 'Rushing', 2, null);
INSERT INTO Person (PersonID, FirstName, LastName, TeamID, HomeTownID) VALUES (367, 'Jeremy', 'Springer', 2, null);
INSERT INTO Person (PersonID, FirstName, LastName, TeamID, HomeTownID) VALUES (368, 'Iona', 'Uiagalelei', 2, null);
INSERT INTO Person (PersonID, FirstName, LastName, TeamID, HomeTownID) VALUES (369, 'Chuck', 'Cecil', 2, null);
INSERT INTO Person (PersonID, FirstName, LastName, TeamID, HomeTownID) VALUES (370, 'Clay', 'Helton', 3, null);
INSERT INTO Person (PersonID, FirstName, LastName, TeamID, HomeTownID) VALUES (371, 'Tee', 'Martin', 3, null);
INSERT INTO Person (PersonID, FirstName, LastName, TeamID, HomeTownID) VALUES (372, 'Clancy', 'Pendergast', 3, null);
INSERT INTO Person (PersonID, FirstName, LastName, TeamID, HomeTownID) VALUES (373, 'John', 'Baxter', 3, null);
INSERT INTO Person (PersonID, FirstName, LastName, TeamID, HomeTownID) VALUES (374, 'Johnny', 'Nansen', 3, null);
INSERT INTO Person (PersonID, FirstName, LastName, TeamID, HomeTownID) VALUES (375, 'Tim', 'Drevno', 3, null);
INSERT INTO Person (PersonID, FirstName, LastName, TeamID, HomeTownID) VALUES (376, 'Neil', 'Callaway', 3, null);
INSERT INTO Person (PersonID, FirstName, LastName, TeamID, HomeTownID) VALUES (377, 'Ronnie', 'Bradford', 3, null);
INSERT INTO Person (PersonID, FirstName, LastName, TeamID, HomeTownID) VALUES (378, 'Kenechi', 'Udeze', 3, null);
INSERT INTO Person (PersonID, FirstName, LastName, TeamID, HomeTownID) VALUES (379, 'Bryan', 'Ellis', 3, null);
INSERT INTO Person (PersonID, FirstName, LastName, TeamID, HomeTownID) VALUES (380, 'Keary', 'Colbert', 3, null);
INSERT INTO Person (PersonID, FirstName, LastName, TeamID, HomeTownID) VALUES (381, 'Dane', 'Stevens', 3, null);
INSERT INTO Person (PersonID, FirstName, LastName, TeamID, HomeTownID) VALUES (382, 'Prentice', 'Gill', 3, null);
INSERT INTO Person (PersonID, FirstName, LastName, TeamID, HomeTownID) VALUES (383, 'Trevor', 'Guyton', 3, null);
INSERT INTO Person (PersonID, FirstName, LastName, TeamID, HomeTownID) VALUES (384, 'Michael', 'Hutchings', 3, null);
INSERT INTO Person (PersonID, FirstName, LastName, TeamID, HomeTownID) VALUES (385, 'Steve', 'Murillo', 3, null);
INSERT INTO Person (PersonID, FirstName, LastName, TeamID, HomeTownID) VALUES (386, 'Lenny', 'Vandermade', 3, null);
INSERT INTO Person (PersonID, FirstName, LastName, TeamID, HomeTownID) VALUES (387, 'Andy', 'LaRussa', 3, null);
INSERT INTO Person (PersonID, FirstName, LastName, TeamID, HomeTownID) VALUES (388, 'Mike', 'Goff', 3, null);
INSERT INTO Person (PersonID, FirstName, LastName, TeamID, HomeTownID) VALUES (389, 'Joe', 'DeForest', 3, null);
INSERT INTO Person (PersonID, FirstName, LastName, TeamID, HomeTownID) VALUES (390, 'Brett', 'Arce', 3, null);
INSERT INTO Person (PersonID, FirstName, LastName, TeamID, HomeTownID) VALUES (391, 'Joseph', 'Wood', 3, null);
INSERT INTO Person (PersonID, FirstName, LastName, TeamID, HomeTownID) VALUES (392, 'Cheryl', 'Taplin', 3, null);
INSERT INTO Person (PersonID, FirstName, LastName, TeamID, HomeTownID) VALUES (393, 'Sam', 'Curtis', 3, null);
INSERT INTO Person (PersonID, FirstName, LastName, TeamID, HomeTownID) VALUES (394, 'Travis', 'Taylor', 3, null);
INSERT INTO Person (PersonID, FirstName, LastName, TeamID, HomeTownID) VALUES (395, 'Eric', 'Ziskin', 3, null);
INSERT INTO Person (PersonID, FirstName, LastName, TeamID, HomeTownID) VALUES (396, 'Gavin', 'Morris', 3, null);
INSERT INTO Person (PersonID, FirstName, LastName, TeamID, HomeTownID) VALUES (397, 'Trey', 'Johnson', 3, null);
INSERT INTO Person (PersonID, FirstName, LastName, TeamID, HomeTownID) VALUES (398, 'Ryan', 'Miller', 3, null);
INSERT INTO Person (PersonID, FirstName, LastName, TeamID, HomeTownID) VALUES (399, 'Ivan', 'Lewis', 3, null);
INSERT INTO Person (PersonID, FirstName, LastName, TeamID, HomeTownID) VALUES (400, 'Keith', 'Belton', 3, null);
INSERT INTO Person (PersonID, FirstName, LastName, TeamID, HomeTownID) VALUES (401, 'Mark', 'Philipp', 3, null);
INSERT INTO Person (PersonID, FirstName, LastName, TeamID, HomeTownID) VALUES (402, 'Tim', 'Ojeda', 3, null);
INSERT INTO Person (PersonID, FirstName, LastName, TeamID, HomeTownID) VALUES (403, 'Josh', 'Heidegger', 3, null);
INSERT INTO Person (PersonID, FirstName, LastName, TeamID, HomeTownID) VALUES (404, 'Danny', 'Van Dijk', 3, null);
INSERT INTO Person (PersonID, FirstName, LastName, TeamID, HomeTownID) VALUES (405, 'Andrea', 'Vanderwoude', 3, null);
INSERT INTO Person (PersonID, FirstName, LastName, TeamID, HomeTownID) VALUES (406, 'Eric', 'Espinoza', 3, null);
INSERT INTO Person (PersonID, FirstName, LastName, TeamID, HomeTownID) VALUES (407, 'Daniel', 'Dmytrisin', 3, null);
INSERT INTO Person (PersonID, FirstName, LastName, TeamID, HomeTownID) VALUES (408, 'Arthur', 'D''Angelo', 3, null);




CREATE TABLE Player
(
    PersonID INTEGER PRIMARY KEY,
    Number INTEGER,
    HeightInches INTEGER,
    WeightPounds INTEGER,
    Position TEXT,
    AcademicYear TEXT,
    HighSchool TEXT
);
INSERT INTO Player (PersonID, Number, HeightInches, WeightPounds, Position, AcademicYear, HighSchool) VALUES (1, 79, 78, 340, 'OL', 'Fr.', 'Safford');
INSERT INTO Player (PersonID, Number, HeightInches, WeightPounds, Position, AcademicYear, HighSchool) VALUES (2, 9, 75, 177, 'QB', 'So.', 'Chaparral');
INSERT INTO Player (PersonID, Number, HeightInches, WeightPounds, Position, AcademicYear, HighSchool) VALUES (3, 10, 74, 177, 'DB', 'R-Fr.', 'Saguaro');
INSERT INTO Player (PersonID, Number, HeightInches, WeightPounds, Position, AcademicYear, HighSchool) VALUES (4, 14, 76, 193, 'QB', 'R-Fr.', 'Basha');
INSERT INTO Player (PersonID, Number, HeightInches, WeightPounds, Position, AcademicYear, HighSchool) VALUES (5, 23, 73, 217, 'LB', 'R-Sr.', 'Chaparral');
INSERT INTO Player (PersonID, Number, HeightInches, WeightPounds, Position, AcademicYear, HighSchool) VALUES (6, 24, 73, 175, 'RB', 'R-So.', 'Chandler');
INSERT INTO Player (PersonID, Number, HeightInches, WeightPounds, Position, AcademicYear, HighSchool) VALUES (7, 28, 71, 170, 'WR', 'Fr.', 'Sunrise Mountain');
INSERT INTO Player (PersonID, Number, HeightInches, WeightPounds, Position, AcademicYear, HighSchool) VALUES (8, 32, 71, 172, 'DB', 'R-Jr.', 'Mountain Pointe');
INSERT INTO Player (PersonID, Number, HeightInches, WeightPounds, Position, AcademicYear, HighSchool) VALUES (9, 34, 75, 214, 'LB', 'R-Fr.', 'Saguaro');
INSERT INTO Player (PersonID, Number, HeightInches, WeightPounds, Position, AcademicYear, HighSchool) VALUES (10, 36, 71, 177, 'DB', 'Fr.', 'Desert Vista');
INSERT INTO Player (PersonID, Number, HeightInches, WeightPounds, Position, AcademicYear, HighSchool) VALUES (11, 41, 76, 258, 'DL', 'R-Fr.', 'Highland');
INSERT INTO Player (PersonID, Number, HeightInches, WeightPounds, Position, AcademicYear, HighSchool) VALUES (12, 44, 71, 215, 'P', 'Jr.', 'Dobson');
INSERT INTO Player (PersonID, Number, HeightInches, WeightPounds, Position, AcademicYear, HighSchool) VALUES (13, 45, 68, 161, 'PK', 'R-Fr.', 'Perry');
INSERT INTO Player (PersonID, Number, HeightInches, WeightPounds, Position, AcademicYear, HighSchool) VALUES (14, 46, 73, 164, 'DB', 'R-Fr.', 'Northwest Christian');
INSERT INTO Player (PersonID, Number, HeightInches, WeightPounds, Position, AcademicYear, HighSchool) VALUES (15, 47, 73, 198, 'DB', 'Fr.', 'Centennial');
INSERT INTO Player (PersonID, Number, HeightInches, WeightPounds, Position, AcademicYear, HighSchool) VALUES (16, 55, 78, 315, 'OL', 'Gr.', 'Hamilton');
INSERT INTO Player (PersonID, Number, HeightInches, WeightPounds, Position, AcademicYear, HighSchool) VALUES (17, 57, 75, 277, 'DL', 'R-Sr.', 'Chandler');
INSERT INTO Player (PersonID, Number, HeightInches, WeightPounds, Position, AcademicYear, HighSchool) VALUES (18, 59, 78, 323, 'OL', 'R-Sr.', 'Higley');
INSERT INTO Player (PersonID, Number, HeightInches, WeightPounds, Position, AcademicYear, HighSchool) VALUES (19, 60, 79, 288, 'OL', 'R-Fr.', 'Ironwood Ridge');
INSERT INTO Player (PersonID, Number, HeightInches, WeightPounds, Position, AcademicYear, HighSchool) VALUES (20, 61, 73, 199, 'LS', 'R-Fr.', 'Verrado');
INSERT INTO Player (PersonID, Number, HeightInches, WeightPounds, Position, AcademicYear, HighSchool) VALUES (21, 61, 76, 301, 'OL', 'Fr.', 'Dobson');
INSERT INTO Player (PersonID, Number, HeightInches, WeightPounds, Position, AcademicYear, HighSchool) VALUES (22, 62, 76, 312, 'OL', 'R-Fr.', 'Tempe Prep');
INSERT INTO Player (PersonID, Number, HeightInches, WeightPounds, Position, AcademicYear, HighSchool) VALUES (23, 68, 74, 228, 'OLB', 'R-Fr.', 'Marcos de Niza');
INSERT INTO Player (PersonID, Number, HeightInches, WeightPounds, Position, AcademicYear, HighSchool) VALUES (24, 69, 74, 263, 'OL', 'R-Fr.', 'Westwood');
INSERT INTO Player (PersonID, Number, HeightInches, WeightPounds, Position, AcademicYear, HighSchool) VALUES (25, 70, 78, 308, 'OL', 'R-So.', 'Higley');
INSERT INTO Player (PersonID, Number, HeightInches, WeightPounds, Position, AcademicYear, HighSchool) VALUES (26, 71, 76, 333, 'OL', 'R-Jr.', 'Gilbert');
INSERT INTO Player (PersonID, Number, HeightInches, WeightPounds, Position, AcademicYear, HighSchool) VALUES (27, 72, 75, 296, 'OL', 'R-Jr.', 'Williams Field');
INSERT INTO Player (PersonID, Number, HeightInches, WeightPounds, Position, AcademicYear, HighSchool) VALUES (28, 74, 75, 278, 'OL', 'So.', 'Saguaro');
INSERT INTO Player (PersonID, Number, HeightInches, WeightPounds, Position, AcademicYear, HighSchool) VALUES (29, 80, 78, 251, 'TE', 'R-Fr.', 'Cibola');
INSERT INTO Player (PersonID, Number, HeightInches, WeightPounds, Position, AcademicYear, HighSchool) VALUES (30, 86, 80, 221, 'WR', 'So.', 'Mountain View');
INSERT INTO Player (PersonID, Number, HeightInches, WeightPounds, Position, AcademicYear, HighSchool) VALUES (31, 89, 75, 211, 'TE', 'Fr.', 'Chandler');
INSERT INTO Player (PersonID, Number, HeightInches, WeightPounds, Position, AcademicYear, HighSchool) VALUES (32, 92, 75, 225, 'TE', 'R-Fr.', 'Cactus Shadows');
INSERT INTO Player (PersonID, Number, HeightInches, WeightPounds, Position, AcademicYear, HighSchool) VALUES (33, 92, 74, 289, 'DL', 'So.', 'Mesa');
INSERT INTO Player (PersonID, Number, HeightInches, WeightPounds, Position, AcademicYear, HighSchool) VALUES (34, 93, 73, 217, 'LS', 'Jr.', 'Chaparral');
INSERT INTO Player (PersonID, Number, HeightInches, WeightPounds, Position, AcademicYear, HighSchool) VALUES (35, 94, 70, 176, 'K', 'Fr.', 'Saguaro');
INSERT INTO Player (PersonID, Number, HeightInches, WeightPounds, Position, AcademicYear, HighSchool) VALUES (36, 98, 76, 325, 'DL', 'R-Fr.', 'Desert Ridge');
INSERT INTO Player (PersonID, Number, HeightInches, WeightPounds, Position, AcademicYear, HighSchool) VALUES (37, 1, 76, 213, 'WR', 'Jr.', 'Chandler');
INSERT INTO Player (PersonID, Number, HeightInches, WeightPounds, Position, AcademicYear, HighSchool) VALUES (38, 1, 70, 174, 'PK', 'So.', 'Williams Field');
INSERT INTO Player (PersonID, Number, HeightInches, WeightPounds, Position, AcademicYear, HighSchool) VALUES (39, 37, 71, 232, 'LB', 'Fr.', 'Narbonne');
INSERT INTO Player (PersonID, Number, HeightInches, WeightPounds, Position, AcademicYear, HighSchool) VALUES (40, 2, 73, 195, 'WR', 'Jr.', 'McQueen');
INSERT INTO Player (PersonID, Number, HeightInches, WeightPounds, Position, AcademicYear, HighSchool) VALUES (41, 5, 75, 200, 'QB', 'R-Sr.', 'San Marin');
INSERT INTO Player (PersonID, Number, HeightInches, WeightPounds, Position, AcademicYear, HighSchool) VALUES (42, 5, 70, 169, 'DB', 'Jr.', 'Long Beach Poly');
INSERT INTO Player (PersonID, Number, HeightInches, WeightPounds, Position, AcademicYear, HighSchool) VALUES (43, 7, 73, 185, 'QB', 'Fr.', 'Cardinal Newman');
INSERT INTO Player (PersonID, Number, HeightInches, WeightPounds, Position, AcademicYear, HighSchool) VALUES (44, 8, 75, 235, 'LB', 'Fr.', 'Junipero Serro');
INSERT INTO Player (PersonID, Number, HeightInches, WeightPounds, Position, AcademicYear, HighSchool) VALUES (45, 9, 75, 243, 'LB', 'Sr.', 'Valencia');
INSERT INTO Player (PersonID, Number, HeightInches, WeightPounds, Position, AcademicYear, HighSchool) VALUES (46, 10, 71, 182, 'WR', 'Jr.', 'Murrieta');
INSERT INTO Player (PersonID, Number, HeightInches, WeightPounds, Position, AcademicYear, HighSchool) VALUES (47, 13, 71, 184, 'DB', 'Jr.', 'Los Alamitos');
INSERT INTO Player (PersonID, Number, HeightInches, WeightPounds, Position, AcademicYear, HighSchool) VALUES (48, 16, 74, 190, 'QB', 'Fr.', 'Gregori');
INSERT INTO Player (PersonID, Number, HeightInches, WeightPounds, Position, AcademicYear, HighSchool) VALUES (49, 16, 73, 190, 'S', 'Fr.', 'Long Beach Poly');
INSERT INTO Player (PersonID, Number, HeightInches, WeightPounds, Position, AcademicYear, HighSchool) VALUES (50, 19, 74, 189, 'P', 'R-Fr.', 'Saint Francis');
INSERT INTO Player (PersonID, Number, HeightInches, WeightPounds, Position, AcademicYear, HighSchool) VALUES (51, 20, 73, 230, 'LB', 'R-Jr.', 'Etiwanda');
INSERT INTO Player (PersonID, Number, HeightInches, WeightPounds, Position, AcademicYear, HighSchool) VALUES (52, 26, 73, 180, 'WR', 'Fr.', 'Scripps Ranch');
INSERT INTO Player (PersonID, Number, HeightInches, WeightPounds, Position, AcademicYear, HighSchool) VALUES (53, 28, 73, 199, 'DB', 'Sr.', 'Los Alamitos');
INSERT INTO Player (PersonID, Number, HeightInches, WeightPounds, Position, AcademicYear, HighSchool) VALUES (54, 30, 73, 208, 'DB', 'R-Sr.', 'De La Salle');
INSERT INTO Player (PersonID, Number, HeightInches, WeightPounds, Position, AcademicYear, HighSchool) VALUES (55, 31, 67, 185, 'RB', 'R-So.', 'Foothill');
INSERT INTO Player (PersonID, Number, HeightInches, WeightPounds, Position, AcademicYear, HighSchool) VALUES (56, 39, 73, 228, 'LB', 'R-Jr.', 'Chaparral');
INSERT INTO Player (PersonID, Number, HeightInches, WeightPounds, Position, AcademicYear, HighSchool) VALUES (57, 43, 73, 198, 'S', 'R-Sr.', 'El Cerrito');
INSERT INTO Player (PersonID, Number, HeightInches, WeightPounds, Position, AcademicYear, HighSchool) VALUES (58, 48, 73, 190, 'S', 'Fr.', 'Bishop Alemany');
INSERT INTO Player (PersonID, Number, HeightInches, WeightPounds, Position, AcademicYear, HighSchool) VALUES (59, 50, 77, 295, 'OL', 'Fr.', 'Norco');
INSERT INTO Player (PersonID, Number, HeightInches, WeightPounds, Position, AcademicYear, HighSchool) VALUES (60, 51, 78, 336, 'OL', 'R-Jr.', 'Saint John Bosco');
INSERT INTO Player (PersonID, Number, HeightInches, WeightPounds, Position, AcademicYear, HighSchool) VALUES (61, 52, 73, 209, 'OLB', 'Fr.', 'Calabasas');
INSERT INTO Player (PersonID, Number, HeightInches, WeightPounds, Position, AcademicYear, HighSchool) VALUES (62, 56, 75, 294, 'OL', 'R-Jr.', 'Mater Dei');
INSERT INTO Player (PersonID, Number, HeightInches, WeightPounds, Position, AcademicYear, HighSchool) VALUES (63, 58, 77, 284, 'OL', 'R-Sr.', 'Buena');
INSERT INTO Player (PersonID, Number, HeightInches, WeightPounds, Position, AcademicYear, HighSchool) VALUES (64, 63, 78, 335, 'OL', 'R-Jr.', 'Winward');
INSERT INTO Player (PersonID, Number, HeightInches, WeightPounds, Position, AcademicYear, HighSchool) VALUES (65, 64, 75, 300, 'OL', 'Fr.', 'Don Lugo');
INSERT INTO Player (PersonID, Number, HeightInches, WeightPounds, Position, AcademicYear, HighSchool) VALUES (66, 73, 77, 291, 'OL', 'Jr.', 'Los Osos');
INSERT INTO Player (PersonID, Number, HeightInches, WeightPounds, Position, AcademicYear, HighSchool) VALUES (67, 83, 74, 180, 'WR', 'Fr.', 'Etiwanda');
INSERT INTO Player (PersonID, Number, HeightInches, WeightPounds, Position, AcademicYear, HighSchool) VALUES (68, 85, 76, 184, 'WR', 'Fr.', 'Hamilton');
INSERT INTO Player (PersonID, Number, HeightInches, WeightPounds, Position, AcademicYear, HighSchool) VALUES (69, 87, 77, 247, 'TE', 'R-Jr.', 'Archbishop Mitty');
INSERT INTO Player (PersonID, Number, HeightInches, WeightPounds, Position, AcademicYear, HighSchool) VALUES (70, 88, 76, 245, 'TE', 'Sr.', '#VALUE!');
INSERT INTO Player (PersonID, Number, HeightInches, WeightPounds, Position, AcademicYear, HighSchool) VALUES (71, 90, 74, 270, 'DL', 'Fr.', 'Long Beach Poly');
INSERT INTO Player (PersonID, Number, HeightInches, WeightPounds, Position, AcademicYear, HighSchool) VALUES (72, 76, 79, 303, 'OL', 'Fr.', 'Rocky Mountain');
INSERT INTO Player (PersonID, Number, HeightInches, WeightPounds, Position, AcademicYear, HighSchool) VALUES (73, 25, 69, 182, 'DB', 'Fr.', 'St. Thomas Aquinas');
INSERT INTO Player (PersonID, Number, HeightInches, WeightPounds, Position, AcademicYear, HighSchool) VALUES (74, 99, 77, 252, 'DL', 'R-Sr.', 'Flagler-Palm Coast');
INSERT INTO Player (PersonID, Number, HeightInches, WeightPounds, Position, AcademicYear, HighSchool) VALUES (75, 14, 71, 209, 'WR', 'R-Sr.', 'Lassiter');
INSERT INTO Player (PersonID, Number, HeightInches, WeightPounds, Position, AcademicYear, HighSchool) VALUES (76, 3, 73, 172, 'DB', 'R-Sr.', 'Saint Louis');
INSERT INTO Player (PersonID, Number, HeightInches, WeightPounds, Position, AcademicYear, HighSchool) VALUES (77, 58, 71, 225, 'LB', 'R-So.', 'Kaiser');
INSERT INTO Player (PersonID, Number, HeightInches, WeightPounds, Position, AcademicYear, HighSchool) VALUES (78, 90, 73, 223, 'TE', 'Sr.', 'Kaiser');
INSERT INTO Player (PersonID, Number, HeightInches, WeightPounds, Position, AcademicYear, HighSchool) VALUES (79, 99, 73, 6/18, 'WR', 'Fr.', 'Kamehameha Maui');
INSERT INTO Player (PersonID, Number, HeightInches, WeightPounds, Position, AcademicYear, HighSchool) VALUES (80, 99, 75, 6/28, 'WR', 'R-Fr.', 'Westminster Christian');
INSERT INTO Player (PersonID, Number, HeightInches, WeightPounds, Position, AcademicYear, HighSchool) VALUES (81, 8, 73, 212, 'QB', 'R-So.', 'Dowling');
INSERT INTO Player (PersonID, Number, HeightInches, WeightPounds, Position, AcademicYear, HighSchool) VALUES (82, 19, 76, 193, 'WR', 'R-Jr.', 'Central');
INSERT INTO Player (PersonID, Number, HeightInches, WeightPounds, Position, AcademicYear, HighSchool) VALUES (83, 29, 73, 223, 'RB', 'Fr.', 'Many');
INSERT INTO Player (PersonID, Number, HeightInches, WeightPounds, Position, AcademicYear, HighSchool) VALUES (84, 45, 75, 275, 'DL', 'R-Jr.', 'Landry-Walker');
INSERT INTO Player (PersonID, Number, HeightInches, WeightPounds, Position, AcademicYear, HighSchool) VALUES (85, 96, 76, 242, 'DL', 'R-Jr.', 'Kaplan');
INSERT INTO Player (PersonID, Number, HeightInches, WeightPounds, Position, AcademicYear, HighSchool) VALUES (86, 97, 74, 304, 'DL', 'So.', 'Southern Lab');
INSERT INTO Player (PersonID, Number, HeightInches, WeightPounds, Position, AcademicYear, HighSchool) VALUES (87, 4, 75, 215, 'LB', 'R-Sr.', 'Cleveland NJROTC');
INSERT INTO Player (PersonID, Number, HeightInches, WeightPounds, Position, AcademicYear, HighSchool) VALUES (88, 95, 78, 297, 'DL', 'R-Sr.', 'Lutheran');
INSERT INTO Player (PersonID, Number, HeightInches, WeightPounds, Position, AcademicYear, HighSchool) VALUES (89, 2, 77, 257, 'DL', 'R-Jr.', 'Montclair');
INSERT INTO Player (PersonID, Number, HeightInches, WeightPounds, Position, AcademicYear, HighSchool) VALUES (90, 22, 70, 218, 'FB', 'R-Sr.', 'Pennsville Memorial');
INSERT INTO Player (PersonID, Number, HeightInches, WeightPounds, Position, AcademicYear, HighSchool) VALUES (91, 84, 73, 192, 'WR', 'R-So.', 'Lincoln');
INSERT INTO Player (PersonID, Number, HeightInches, WeightPounds, Position, AcademicYear, HighSchool) VALUES (92, 91, 75, 201, 'WR', 'R-So.', 'Mahwah');
INSERT INTO Player (PersonID, Number, HeightInches, WeightPounds, Position, AcademicYear, HighSchool) VALUES (93, 12, 73, 200, 'DB', 'R-Jr.', 'Goddard');
INSERT INTO Player (PersonID, Number, HeightInches, WeightPounds, Position, AcademicYear, HighSchool) VALUES (94, 81, 77, 238, 'TE', 'R-So.', 'Lincoln Christian');
INSERT INTO Player (PersonID, Number, HeightInches, WeightPounds, Position, AcademicYear, HighSchool) VALUES (95, 6, 73, 194, 'DB', 'So.', 'Midwest City');
INSERT INTO Player (PersonID, Number, HeightInches, WeightPounds, Position, AcademicYear, HighSchool) VALUES (96, 56, 73, 218, 'LB', 'R-Fr.', 'Blackman');
INSERT INTO Player (PersonID, Number, HeightInches, WeightPounds, Position, AcademicYear, HighSchool) VALUES (97, 3, 70, 201, 'RB', 'So.', 'Wylie East');
INSERT INTO Player (PersonID, Number, HeightInches, WeightPounds, Position, AcademicYear, HighSchool) VALUES (98, 7, 71, 190, 'CB', 'Jr.', 'Blinn College');
INSERT INTO Player (PersonID, Number, HeightInches, WeightPounds, Position, AcademicYear, HighSchool) VALUES (99, 12, 71, 178, 'WR', 'R-Jr.', 'Clear Falls');
INSERT INTO Player (PersonID, Number, HeightInches, WeightPounds, Position, AcademicYear, HighSchool) VALUES (100, 14, 76, 215, 'OLB', 'Fr.', 'John Marshall');
INSERT INTO Player (PersonID, Number, HeightInches, WeightPounds, Position, AcademicYear, HighSchool) VALUES (101, 15, 73, 170, 'S', 'Fr.', 'Clear Lake');
INSERT INTO Player (PersonID, Number, HeightInches, WeightPounds, Position, AcademicYear, HighSchool) VALUES (102, 15, 75, 222, 'QB', 'R-So.', 'Westfield');
INSERT INTO Player (PersonID, Number, HeightInches, WeightPounds, Position, AcademicYear, HighSchool) VALUES (103, 17, 69, 178, 'WR', 'R-Jr.', 'Aledo');
INSERT INTO Player (PersonID, Number, HeightInches, WeightPounds, Position, AcademicYear, HighSchool) VALUES (104, 18, 70, 180, 'CB', 'So.', 'Clear Springs');
INSERT INTO Player (PersonID, Number, HeightInches, WeightPounds, Position, AcademicYear, HighSchool) VALUES (105, 22, 73, 221, 'LB', 'R-Jr.', 'Argyle');
INSERT INTO Player (PersonID, Number, HeightInches, WeightPounds, Position, AcademicYear, HighSchool) VALUES (106, 25, 69, 189, 'RB', 'So.', 'Cy Ridge HS');
INSERT INTO Player (PersonID, Number, HeightInches, WeightPounds, Position, AcademicYear, HighSchool) VALUES (107, 25, 73, 220, 'P', 'So.', 'Ridge Point');
INSERT INTO Player (PersonID, Number, HeightInches, WeightPounds, Position, AcademicYear, HighSchool) VALUES (108, 26, 71, 189, 'S', 'So.', 'Cooper');
INSERT INTO Player (PersonID, Number, HeightInches, WeightPounds, Position, AcademicYear, HighSchool) VALUES (109, 32, 68, 182, 'RB', 'Fr.', 'Southlake Carroll');
INSERT INTO Player (PersonID, Number, HeightInches, WeightPounds, Position, AcademicYear, HighSchool) VALUES (110, 35, 70, 200, 'RB', 'Fr.', 'Allen');
INSERT INTO Player (PersonID, Number, HeightInches, WeightPounds, Position, AcademicYear, HighSchool) VALUES (111, 50, 73, 216, 'LB', 'Sr.', 'Plano East');
INSERT INTO Player (PersonID, Number, HeightInches, WeightPounds, Position, AcademicYear, HighSchool) VALUES (112, 91, 74, 230, 'DE', 'Fr.', 'Katy');
INSERT INTO Player (PersonID, Number, HeightInches, WeightPounds, Position, AcademicYear, HighSchool) VALUES (113, 43, 73, 183, 'PK', 'R-Sr.', 'New Braunfels');
INSERT INTO Player (PersonID, Number, HeightInches, WeightPounds, Position, AcademicYear, HighSchool) VALUES (114, 36, 73, 208, 'P', 'R-Jr.', 'St. Joseph''s College');
INSERT INTO Player (PersonID, Number, HeightInches, WeightPounds, Position, AcademicYear, HighSchool) VALUES (115, 21, 71, 179, 'CB', 'R-So.', 'San Francisco City College');
INSERT INTO Player (PersonID, Number, HeightInches, WeightPounds, Position, AcademicYear, HighSchool) VALUES (116, 66, 78, 288, 'OL', 'So.', 'Columbia River');
INSERT INTO Player (PersonID, Number, HeightInches, WeightPounds, Position, AcademicYear, HighSchool) VALUES (117, 64, 70, 215, 'LS', 'R-So.', 'Appleton East');
INSERT INTO Player (PersonID, Number, HeightInches, WeightPounds, Position, AcademicYear, HighSchool) VALUES (118, 51, 75, 199, 'LB', 'R-Jr.', 'Burlington');
INSERT INTO Player (PersonID, Number, HeightInches, WeightPounds, Position, AcademicYear, HighSchool) VALUES (119, 99, 74, 306, 'DT', 'R-Sr.', 'Lakeland HS');
INSERT INTO Player (PersonID, Number, HeightInches, WeightPounds, Position, AcademicYear, HighSchool) VALUES (120, 11, 73, 205, 'S', 'So.', 'Mobile Christian HS');
INSERT INTO Player (PersonID, Number, HeightInches, WeightPounds, Position, AcademicYear, HighSchool) VALUES (121, 1, 75, 210, 'WR', 'R-Fr.', 'Sabino HS');
INSERT INTO Player (PersonID, Number, HeightInches, WeightPounds, Position, AcademicYear, HighSchool) VALUES (122, 4, 73, 201, 'QB', 'So.', 'Catalina Foothills HS');
INSERT INTO Player (PersonID, Number, HeightInches, WeightPounds, Position, AcademicYear, HighSchool) VALUES (123, 10, 71, 189, 'CB', 'R-Jr.', 'Hamilton HS');
INSERT INTO Player (PersonID, Number, HeightInches, WeightPounds, Position, AcademicYear, HighSchool) VALUES (124, 10, 73, 210, 'QB', 'Fr.', 'Cienega HS');
INSERT INTO Player (PersonID, Number, HeightInches, WeightPounds, Position, AcademicYear, HighSchool) VALUES (125, 13, 73, 197, 'QB', 'Fr.', 'Arcadia HS');
INSERT INTO Player (PersonID, Number, HeightInches, WeightPounds, Position, AcademicYear, HighSchool) VALUES (126, 16, 75, 221, 'P', 'Gr.', 'Thunderbird HS');
INSERT INTO Player (PersonID, Number, HeightInches, WeightPounds, Position, AcademicYear, HighSchool) VALUES (127, 19, 77, 218, 'WR', 'R-Sr.', 'Centennial HS');
INSERT INTO Player (PersonID, Number, HeightInches, WeightPounds, Position, AcademicYear, HighSchool) VALUES (128, 26, 77, 220, 'P/WR', 'R-Jr.', 'Ciengea HS');
INSERT INTO Player (PersonID, Number, HeightInches, WeightPounds, Position, AcademicYear, HighSchool) VALUES (129, 32, 74, 211, 'WR', 'R-Jr.', 'Cienega HS');
INSERT INTO Player (PersonID, Number, HeightInches, WeightPounds, Position, AcademicYear, HighSchool) VALUES (130, 38, 68, 213, 'RB', 'R-Jr.', 'Estrella Foothills HS');
INSERT INTO Player (PersonID, Number, HeightInches, WeightPounds, Position, AcademicYear, HighSchool) VALUES (131, 47, 74, 204, 'S', 'R-Fr.', 'Desert Mountain HS');
INSERT INTO Player (PersonID, Number, HeightInches, WeightPounds, Position, AcademicYear, HighSchool) VALUES (132, 48, 71, 222, 'LB', 'R-Fr.', 'Chandler HS');
INSERT INTO Player (PersonID, Number, HeightInches, WeightPounds, Position, AcademicYear, HighSchool) VALUES (133, 49, 76, 230, 'STUD', 'R-Fr.', 'Desert Ridge HS');
INSERT INTO Player (PersonID, Number, HeightInches, WeightPounds, Position, AcademicYear, HighSchool) VALUES (134, 50, 75, 292, 'OL', 'R-So.', 'Red Mountain HS');
INSERT INTO Player (PersonID, Number, HeightInches, WeightPounds, Position, AcademicYear, HighSchool) VALUES (135, 51, 70, 248, 'LS', 'R-So.', 'Brophy Prep');
INSERT INTO Player (PersonID, Number, HeightInches, WeightPounds, Position, AcademicYear, HighSchool) VALUES (136, 55, 69, 221, 'LB', 'R-Fr.', 'Brophy College Prep');
INSERT INTO Player (PersonID, Number, HeightInches, WeightPounds, Position, AcademicYear, HighSchool) VALUES (137, 56, 73, 241, 'LS', 'R-Sr.', 'Notre Dame Prep');
INSERT INTO Player (PersonID, Number, HeightInches, WeightPounds, Position, AcademicYear, HighSchool) VALUES (138, 58, 77, 297, 'OL', 'R-Sr.', 'Centennial HS');
INSERT INTO Player (PersonID, Number, HeightInches, WeightPounds, Position, AcademicYear, HighSchool) VALUES (139, 59, 76, 227, 'DE', 'R-Fr.', 'Tempe HS');
INSERT INTO Player (PersonID, Number, HeightInches, WeightPounds, Position, AcademicYear, HighSchool) VALUES (140, 63, 75, 318, 'OL', 'Jr.', 'Peoria Centennial HS');
INSERT INTO Player (PersonID, Number, HeightInches, WeightPounds, Position, AcademicYear, HighSchool) VALUES (141, 64, 75, 292, 'OL', 'R-Jr.', 'Boulder Creek HS');
INSERT INTO Player (PersonID, Number, HeightInches, WeightPounds, Position, AcademicYear, HighSchool) VALUES (142, 67, 77, 307, 'OL', 'Fr.', 'Amphitheater HS');
INSERT INTO Player (PersonID, Number, HeightInches, WeightPounds, Position, AcademicYear, HighSchool) VALUES (143, 73, 76, 286, 'OL', 'R-Fr.', 'Peoria HS');
INSERT INTO Player (PersonID, Number, HeightInches, WeightPounds, Position, AcademicYear, HighSchool) VALUES (144, 79, 75, 292, 'OL', 'R-Fr.', 'Queen Creek High School');
INSERT INTO Player (PersonID, Number, HeightInches, WeightPounds, Position, AcademicYear, HighSchool) VALUES (145, 82, 73, 246, 'STUD', 'R-Fr.', 'Desert Edge HS');
INSERT INTO Player (PersonID, Number, HeightInches, WeightPounds, Position, AcademicYear, HighSchool) VALUES (146, 86, 69, 172, 'WR', 'R-Fr.', 'Orange Lutheran HS(Calif.)');
INSERT INTO Player (PersonID, Number, HeightInches, WeightPounds, Position, AcademicYear, HighSchool) VALUES (147, 90, 73, 278, 'DT', 'R-Sr.', 'Mountain View HS');
INSERT INTO Player (PersonID, Number, HeightInches, WeightPounds, Position, AcademicYear, HighSchool) VALUES (148, 91, 77, 301, 'DT', 'R-Jr.', 'Campo Verde HS');
INSERT INTO Player (PersonID, Number, HeightInches, WeightPounds, Position, AcademicYear, HighSchool) VALUES (149, 6, 74, 209, 'S', 'Sr.', 'Mountain View HS');
INSERT INTO Player (PersonID, Number, HeightInches, WeightPounds, Position, AcademicYear, HighSchool) VALUES (150, 2, 70, 181, 'CB', 'R-So.', 'Linfield Christian HS');
INSERT INTO Player (PersonID, Number, HeightInches, WeightPounds, Position, AcademicYear, HighSchool) VALUES (151, 5, 73, 210, 'WR', 'So.', 'Charter Oak HS');
INSERT INTO Player (PersonID, Number, HeightInches, WeightPounds, Position, AcademicYear, HighSchool) VALUES (152, 7, 70, 175, 'WR', 'R-So.', 'Narbonne HS');
INSERT INTO Player (PersonID, Number, HeightInches, WeightPounds, Position, AcademicYear, HighSchool) VALUES (153, 7, 73, 236, 'LB', 'So.', 'Mission Viejo HS');
INSERT INTO Player (PersonID, Number, HeightInches, WeightPounds, Position, AcademicYear, HighSchool) VALUES (154, 9, 71, 189, 'WR', 'R-Sr.', 'Granite Bay HS');
INSERT INTO Player (PersonID, Number, HeightInches, WeightPounds, Position, AcademicYear, HighSchool) VALUES (155, 12, 75, 263, 'DE', 'So.', 'Long Beach Poly HS');
INSERT INTO Player (PersonID, Number, HeightInches, WeightPounds, Position, AcademicYear, HighSchool) VALUES (156, 13, 71, 194, 'S', 'Jr.', 'Centennial HS');
INSERT INTO Player (PersonID, Number, HeightInches, WeightPounds, Position, AcademicYear, HighSchool) VALUES (157, 14, 74, 215, 'QB', 'Jr.', 'Junipero Serra HS');
INSERT INTO Player (PersonID, Number, HeightInches, WeightPounds, Position, AcademicYear, HighSchool) VALUES (158, 14, 74, 248, 'STUD', 'So.', 'Notre Dame HS');
INSERT INTO Player (PersonID, Number, HeightInches, WeightPounds, Position, AcademicYear, HighSchool) VALUES (159, 15, 73, 178, 'CB', 'Fr.', 'Edison HS');
INSERT INTO Player (PersonID, Number, HeightInches, WeightPounds, Position, AcademicYear, HighSchool) VALUES (160, 17, 74, 179, 'QB', 'R-Fr.', 'Cathedral HS');
INSERT INTO Player (PersonID, Number, HeightInches, WeightPounds, Position, AcademicYear, HighSchool) VALUES (161, 17, 71, 189, 'CB', 'Sr.', 'Oceanside HS');
INSERT INTO Player (PersonID, Number, HeightInches, WeightPounds, Position, AcademicYear, HighSchool) VALUES (162, 18, 71, 193, 'WR', 'R-Jr.', 'Rancho Verde HS');
INSERT INTO Player (PersonID, Number, HeightInches, WeightPounds, Position, AcademicYear, HighSchool) VALUES (163, 19, 71, 195, 'S', 'So.', 'Helix HS');
INSERT INTO Player (PersonID, Number, HeightInches, WeightPounds, Position, AcademicYear, HighSchool) VALUES (164, 20, 73, 193, 'CB', 'R-Fr.', 'Oceanside HS');
INSERT INTO Player (PersonID, Number, HeightInches, WeightPounds, Position, AcademicYear, HighSchool) VALUES (165, 21, 73, 191, 'S', 'R-So.', 'Calabasas HS');
INSERT INTO Player (PersonID, Number, HeightInches, WeightPounds, Position, AcademicYear, HighSchool) VALUES (166, 21, 66, 184, 'RB', 'R-So.', 'Centennial HS');
INSERT INTO Player (PersonID, Number, HeightInches, WeightPounds, Position, AcademicYear, HighSchool) VALUES (167, 24, 73, 185, 'S', 'R-Fr.', 'Cathedral HS');
INSERT INTO Player (PersonID, Number, HeightInches, WeightPounds, Position, AcademicYear, HighSchool) VALUES (168, 25, 70, 212, 'RB', 'R-Jr.', 'Liberty HS');
INSERT INTO Player (PersonID, Number, HeightInches, WeightPounds, Position, AcademicYear, HighSchool) VALUES (169, 26, 73, 225, 'LB', 'So.', 'Narbonne HS');
INSERT INTO Player (PersonID, Number, HeightInches, WeightPounds, Position, AcademicYear, HighSchool) VALUES (170, 28, 71, 195, 'RB', 'Fr.', 'Bishop Alemany HS');
INSERT INTO Player (PersonID, Number, HeightInches, WeightPounds, Position, AcademicYear, HighSchool) VALUES (171, 33, 74, 202, 'RB', 'So.', 'Colony HS');
INSERT INTO Player (PersonID, Number, HeightInches, WeightPounds, Position, AcademicYear, HighSchool) VALUES (172, 34, 73, 226, 'LB', 'R-So.', 'La Habra HS');
INSERT INTO Player (PersonID, Number, HeightInches, WeightPounds, Position, AcademicYear, HighSchool) VALUES (173, 36, 73, 207, 'S', 'R-Jr.', 'Stellar Prep');
INSERT INTO Player (PersonID, Number, HeightInches, WeightPounds, Position, AcademicYear, HighSchool) VALUES (174, 37, 74, 196, 'S', 'R-Fr.', 'Mater Dei HS');
INSERT INTO Player (PersonID, Number, HeightInches, WeightPounds, Position, AcademicYear, HighSchool) VALUES (175, 42, 75, 229, 'P', 'Gr.', 'Crespi HS');
INSERT INTO Player (PersonID, Number, HeightInches, WeightPounds, Position, AcademicYear, HighSchool) VALUES (176, 43, 74, 184, 'K', 'So.', 'Norco HS');
INSERT INTO Player (PersonID, Number, HeightInches, WeightPounds, Position, AcademicYear, HighSchool) VALUES (177, 44, 73, 291, 'DT', 'So.', 'Liberty HS');
INSERT INTO Player (PersonID, Number, HeightInches, WeightPounds, Position, AcademicYear, HighSchool) VALUES (178, 45, 73, 235, 'LB', 'Fr.', 'Los Alamitos HS');
INSERT INTO Player (PersonID, Number, HeightInches, WeightPounds, Position, AcademicYear, HighSchool) VALUES (179, 51, 73, 243, 'STUD', 'Jr.', 'Rancho Verde HS');
INSERT INTO Player (PersonID, Number, HeightInches, WeightPounds, Position, AcademicYear, HighSchool) VALUES (180, 52, 76, 335, 'DT', 'R-Jr.', 'Luther Burbank HS');
INSERT INTO Player (PersonID, Number, HeightInches, WeightPounds, Position, AcademicYear, HighSchool) VALUES (181, 53, 73, 222, 'LB', 'R-So.', 'Buchanan HS');
INSERT INTO Player (PersonID, Number, HeightInches, WeightPounds, Position, AcademicYear, HighSchool) VALUES (182, 54, 76, 306, 'OT', 'R-So.', 'Great Oak HS');
INSERT INTO Player (PersonID, Number, HeightInches, WeightPounds, Position, AcademicYear, HighSchool) VALUES (183, 58, 74, 270, 'DT', 'Fr.', 'Calabasas HS');
INSERT INTO Player (PersonID, Number, HeightInches, WeightPounds, Position, AcademicYear, HighSchool) VALUES (184, 60, 75, 337, 'DL', 'Fr.', 'Calabasas HS');
INSERT INTO Player (PersonID, Number, HeightInches, WeightPounds, Position, AcademicYear, HighSchool) VALUES (185, 74, 76, 292, 'OL', 'R-Jr.', 'Redwood HS');
INSERT INTO Player (PersonID, Number, HeightInches, WeightPounds, Position, AcademicYear, HighSchool) VALUES (186, 76, 76, 294, 'OL', 'R-Jr.', 'Folsom HS');
INSERT INTO Player (PersonID, Number, HeightInches, WeightPounds, Position, AcademicYear, HighSchool) VALUES (187, 78, 76, 318, 'OL', 'Fr.', 'Oceanside HS');
INSERT INTO Player (PersonID, Number, HeightInches, WeightPounds, Position, AcademicYear, HighSchool) VALUES (188, 80, 76, 222, 'TE', 'Fr.', 'Santa Margarita Catholic HS');
INSERT INTO Player (PersonID, Number, HeightInches, WeightPounds, Position, AcademicYear, HighSchool) VALUES (190, 84, 74, 203, 'WR', 'Fr.', 'San Diego HS');
INSERT INTO Player (PersonID, Number, HeightInches, WeightPounds, Position, AcademicYear, HighSchool) VALUES (191, 85, 77, 231, 'TE', 'R-So.', 'Vista Murrieta HS');
INSERT INTO Player (PersonID, Number, HeightInches, WeightPounds, Position, AcademicYear, HighSchool) VALUES (192, 94, 73, 339, 'DT', 'R-Jr.', 'Bishop Alemany HS');
INSERT INTO Player (PersonID, Number, HeightInches, WeightPounds, Position, AcademicYear, HighSchool) VALUES (193, 66, 75, 315, 'OL', 'R-Fr.', 'IMG Academy [Fla.]');
INSERT INTO Player (PersonID, Number, HeightInches, WeightPounds, Position, AcademicYear, HighSchool) VALUES (194, 35, 73, 212, 'CB', 'Fr.', 'IMG Academy');
INSERT INTO Player (PersonID, Number, HeightInches, WeightPounds, Position, AcademicYear, HighSchool) VALUES (195, 11, 73, 222, 'QB', 'R-Fr.', 'Macon County HS');
INSERT INTO Player (PersonID, Number, HeightInches, WeightPounds, Position, AcademicYear, HighSchool) VALUES (196, 82, 75, 224, 'TE', 'Fr.', 'Johns Creek HS');
INSERT INTO Player (PersonID, Number, HeightInches, WeightPounds, Position, AcademicYear, HighSchool) VALUES (197, 75, 75, 323, 'OT', 'R-So.', 'Kaiser HS');
INSERT INTO Player (PersonID, Number, HeightInches, WeightPounds, Position, AcademicYear, HighSchool) VALUES (198, 30, 70, 184, 'K/P', 'Gr.', 'Highland Park HS');
INSERT INTO Player (PersonID, Number, HeightInches, WeightPounds, Position, AcademicYear, HighSchool) VALUES (199, 3, 73, 180, 'S', 'R-So.', 'John Ehret HS');
INSERT INTO Player (PersonID, Number, HeightInches, WeightPounds, Position, AcademicYear, HighSchool) VALUES (200, 4, 70, 204, 'CB', 'R-So.', 'East St. John HS');
INSERT INTO Player (PersonID, Number, HeightInches, WeightPounds, Position, AcademicYear, HighSchool) VALUES (201, 6, 70, 188, 'WR', 'Sr.', 'Calvary Baptist Academy');
INSERT INTO Player (PersonID, Number, HeightInches, WeightPounds, Position, AcademicYear, HighSchool) VALUES (202, 8, 71, 195, 'CB', 'Gr.', 'Desert Pines HS');
INSERT INTO Player (PersonID, Number, HeightInches, WeightPounds, Position, AcademicYear, HighSchool) VALUES (203, 70, 77, 308, 'OL', 'R-So.', 'DePaul Catholic');
INSERT INTO Player (PersonID, Number, HeightInches, WeightPounds, Position, AcademicYear, HighSchool) VALUES (204, 81, 75, 263, 'DE', 'R-So.', 'Canton HS');
INSERT INTO Player (PersonID, Number, HeightInches, WeightPounds, Position, AcademicYear, HighSchool) VALUES (205, 81, 75, 252, 'TE', 'So.', 'Saline HS');
INSERT INTO Player (PersonID, Number, HeightInches, WeightPounds, Position, AcademicYear, HighSchool) VALUES (206, 87, 74, 189, 'WR', 'Fr.', 'Hun HS');
INSERT INTO Player (PersonID, Number, HeightInches, WeightPounds, Position, AcademicYear, HighSchool) VALUES (207, 1, 73, 230, 'LB', 'So.', 'Desert Pines, HS');
INSERT INTO Player (PersonID, Number, HeightInches, WeightPounds, Position, AcademicYear, HighSchool) VALUES (208, 23, 73, 174, 'CB', 'R-Fr.', 'Bishop Gorman');
INSERT INTO Player (PersonID, Number, HeightInches, WeightPounds, Position, AcademicYear, HighSchool) VALUES (209, 72, 77, 287, 'OL', 'R-Fr.', 'Desert Pines HS');
INSERT INTO Player (PersonID, Number, HeightInches, WeightPounds, Position, AcademicYear, HighSchool) VALUES (210, 86, 75, 259, 'DE', 'R-Jr.', 'Coronado HS');
INSERT INTO Player (PersonID, Number, HeightInches, WeightPounds, Position, AcademicYear, HighSchool) VALUES (211, 23, 73, 206, 'RB', 'So.', 'St. Frances Academy');
INSERT INTO Player (PersonID, Number, HeightInches, WeightPounds, Position, AcademicYear, HighSchool) VALUES (212, 5, 73, 209, 'S', 'Fr.', 'Foster HS');
INSERT INTO Player (PersonID, Number, HeightInches, WeightPounds, Position, AcademicYear, HighSchool) VALUES (213, 9, 74, 216, 'S', 'Fr.', 'West Mesquite HS');
INSERT INTO Player (PersonID, Number, HeightInches, WeightPounds, Position, AcademicYear, HighSchool) VALUES (214, 16, 69, 187, 'WR', 'Fr.', 'St. Pius X HS');
INSERT INTO Player (PersonID, Number, HeightInches, WeightPounds, Position, AcademicYear, HighSchool) VALUES (215, 20, 69, 175, 'RB', 'Fr.', 'Dawson HS');
INSERT INTO Player (PersonID, Number, HeightInches, WeightPounds, Position, AcademicYear, HighSchool) VALUES (216, 31, 73, 194, 'S', 'Jr.', 'Andress HS');
INSERT INTO Player (PersonID, Number, HeightInches, WeightPounds, Position, AcademicYear, HighSchool) VALUES (217, 33, 71, 184, 'S', 'R-Fr.', 'Lovejoy HS');
INSERT INTO Player (PersonID, Number, HeightInches, WeightPounds, Position, AcademicYear, HighSchool) VALUES (218, 66, 71, 213, 'LS', 'Fr.', 'Wimberley HS');
INSERT INTO Player (PersonID, Number, HeightInches, WeightPounds, Position, AcademicYear, HighSchool) VALUES (219, 88, 75, 190, 'WR', 'Fr.', 'Wakeland HS');
INSERT INTO Player (PersonID, Number, HeightInches, WeightPounds, Position, AcademicYear, HighSchool) VALUES (220, 89, 70, 194, 'WR', 'Fr.', 'St. Pius X HS');
INSERT INTO Player (PersonID, Number, HeightInches, WeightPounds, Position, AcademicYear, HighSchool) VALUES (221, 71, 74, 300, 'DL', 'R-Jr.', 'Tafuna HS');
INSERT INTO Player (PersonID, Number, HeightInches, WeightPounds, Position, AcademicYear, HighSchool) VALUES (222, 27, 70, 177, 'CB', 'R-Jr.', 'Gonzaga College HS');
INSERT INTO Player (PersonID, Number, HeightInches, WeightPounds, Position, AcademicYear, HighSchool) VALUES (223, 40, 74, 204, 'WR', 'R-So.', 'Radford HS');
INSERT INTO Player (PersonID, Number, HeightInches, WeightPounds, Position, AcademicYear, HighSchool) VALUES (224, 53, 76, 301, 'OL', 'R-So.', 'The Taft School');
INSERT INTO Player (PersonID, Number, HeightInches, WeightPounds, Position, AcademicYear, HighSchool) VALUES (225, 12, 75, 210, 'QB', 'Fr.', 'St. John''s College HS');
INSERT INTO Player (PersonID, Number, HeightInches, WeightPounds, Position, AcademicYear, HighSchool) VALUES (226, 91, 76, 325, 'DL', 'So.', 'Westview (OR)');
INSERT INTO Player (PersonID, Number, HeightInches, WeightPounds, Position, AcademicYear, HighSchool) VALUES (227, 1, 73, 190, 'WR', 'R-So.', 'Saraland, AL');
INSERT INTO Player (PersonID, Number, HeightInches, WeightPounds, Position, AcademicYear, HighSchool) VALUES (228, 52, 73, 220, 'ILB', 'Fr.', 'St. John Bosco');
INSERT INTO Player (PersonID, Number, HeightInches, WeightPounds, Position, AcademicYear, HighSchool) VALUES (229, 36, 77, 210, 'P', 'R-Sr.', 'San Francisco CC');
INSERT INTO Player (PersonID, Number, HeightInches, WeightPounds, Position, AcademicYear, HighSchool) VALUES (230, 21, 76, 200, 'S', 'R-Fr.', 'Mountain Pointe HS');
INSERT INTO Player (PersonID, Number, HeightInches, WeightPounds, Position, AcademicYear, HighSchool) VALUES (231, 26, 73, 200, 'WR', 'Fr.', 'Saguaro HS');
INSERT INTO Player (PersonID, Number, HeightInches, WeightPounds, Position, AcademicYear, HighSchool) VALUES (232, 64, 77, 320, 'OT', 'Fr.', 'Red Mountain HS');
INSERT INTO Player (PersonID, Number, HeightInches, WeightPounds, Position, AcademicYear, HighSchool) VALUES (233, 73, 78, 305, 'OT', 'So.', 'North Canyon');
INSERT INTO Player (PersonID, Number, HeightInches, WeightPounds, Position, AcademicYear, HighSchool) VALUES (234, 90, 79, 260, 'DL', 'Jr.', 'Brophy Prep');
INSERT INTO Player (PersonID, Number, HeightInches, WeightPounds, Position, AcademicYear, HighSchool) VALUES (235, 2, 76, 205, 'WR', 'Fr.', 'Antelope Valley HS');
INSERT INTO Player (PersonID, Number, HeightInches, WeightPounds, Position, AcademicYear, HighSchool) VALUES (236, 4, 73, 180, 'CB', 'Fr.', 'Mission Viejo HS');
INSERT INTO Player (PersonID, Number, HeightInches, WeightPounds, Position, AcademicYear, HighSchool) VALUES (237, 4, 71, 170, 'QB', 'Fr.', 'La Jolla HS');
INSERT INTO Player (PersonID, Number, HeightInches, WeightPounds, Position, AcademicYear, HighSchool) VALUES (238, 6, 76, 215, 'WR', 'Jr.', 'Oaks Christian');
INSERT INTO Player (PersonID, Number, HeightInches, WeightPounds, Position, AcademicYear, HighSchool) VALUES (239, 6, 74, 205, 'CB', 'Fr.', 'Helix HS');
INSERT INTO Player (PersonID, Number, HeightInches, WeightPounds, Position, AcademicYear, HighSchool) VALUES (240, 7, 73, 205, 'TB', 'So.', 'Summit');
INSERT INTO Player (PersonID, Number, HeightInches, WeightPounds, Position, AcademicYear, HighSchool) VALUES (241, 7, 74, 195, 'S', 'Sr.', 'Crespi');
INSERT INTO Player (PersonID, Number, HeightInches, WeightPounds, Position, AcademicYear, HighSchool) VALUES (242, 8, 73, 205, 'CB', 'Sr.', 'Long Beach Poly');
INSERT INTO Player (PersonID, Number, HeightInches, WeightPounds, Position, AcademicYear, HighSchool) VALUES (243, 8, 73, 195, 'WR', 'Fr.', 'Mater Dei');
INSERT INTO Player (PersonID, Number, HeightInches, WeightPounds, Position, AcademicYear, HighSchool) VALUES (244, 9, 71, 190, 'CB', 'R-Fr.', 'Hawkins');
INSERT INTO Player (PersonID, Number, HeightInches, WeightPounds, Position, AcademicYear, HighSchool) VALUES (245, 10, 75, 220, 'ILB', 'R-Jr.', 'Serra');
INSERT INTO Player (PersonID, Number, HeightInches, WeightPounds, Position, AcademicYear, HighSchool) VALUES (246, 10, 75, 205, 'QB', 'R-Fr.', 'San Clemente');
INSERT INTO Player (PersonID, Number, HeightInches, WeightPounds, Position, AcademicYear, HighSchool) VALUES (247, 13, 76, 215, 'QB', 'Fr.', 'Oaks Christian');
INSERT INTO Player (PersonID, Number, HeightInches, WeightPounds, Position, AcademicYear, HighSchool) VALUES (248, 13, 71, 170, 'WR', 'R-So.', 'Bishop Amat');
INSERT INTO Player (PersonID, Number, HeightInches, WeightPounds, Position, AcademicYear, HighSchool) VALUES (249, 16, 69, 190, 'CB-TB', 'R-Jr.', 'Bishop Alemany');
INSERT INTO Player (PersonID, Number, HeightInches, WeightPounds, Position, AcademicYear, HighSchool) VALUES (250, 16, 78, 200, 'QB', 'R-So.', 'Brentwood HS');
INSERT INTO Player (PersonID, Number, HeightInches, WeightPounds, Position, AcademicYear, HighSchool) VALUES (251, 17, 74, 190, 'CB', 'Fr.', 'Roosevelt HS');
INSERT INTO Player (PersonID, Number, HeightInches, WeightPounds, Position, AcademicYear, HighSchool) VALUES (252, 18, 75, 210, 'QB', 'Fr.', 'Mater Dei');
INSERT INTO Player (PersonID, Number, HeightInches, WeightPounds, Position, AcademicYear, HighSchool) VALUES (253, 18, 74, 230, 'ILB', 'Fr.', 'Narbonne HS');
INSERT INTO Player (PersonID, Number, HeightInches, WeightPounds, Position, AcademicYear, HighSchool) VALUES (254, 19, 75, 200, 'QB', 'R-So.', 'Glendora');
INSERT INTO Player (PersonID, Number, HeightInches, WeightPounds, Position, AcademicYear, HighSchool) VALUES (255, 21, 74, 185, 'WR', 'R-So.', 'Bishop Amat');
INSERT INTO Player (PersonID, Number, HeightInches, WeightPounds, Position, AcademicYear, HighSchool) VALUES (256, 23, 71, 180, 'CB', 'R-Sr.', 'Mater Dei');
INSERT INTO Player (PersonID, Number, HeightInches, WeightPounds, Position, AcademicYear, HighSchool) VALUES (257, 24, 73, 175, 'CB', 'Sr.', 'Foothill');
INSERT INTO Player (PersonID, Number, HeightInches, WeightPounds, Position, AcademicYear, HighSchool) VALUES (258, 24, 71, 175, 'WR', 'R-Jr.', 'San Clemente');
INSERT INTO Player (PersonID, Number, HeightInches, WeightPounds, Position, AcademicYear, HighSchool) VALUES (259, 27, 70, 185, 'CB', 'R-Sr.', 'Crenshaw');
INSERT INTO Player (PersonID, Number, HeightInches, WeightPounds, Position, AcademicYear, HighSchool) VALUES (260, 28, 73, 190, 'S', 'R-So.', 'Serra');
INSERT INTO Player (PersonID, Number, HeightInches, WeightPounds, Position, AcademicYear, HighSchool) VALUES (261, 30, 71, 200, 'S', 'Fr.', 'Loyola HS');
INSERT INTO Player (PersonID, Number, HeightInches, WeightPounds, Position, AcademicYear, HighSchool) VALUES (262, 31, 77, 240, 'OLB', 'R-Fr.', 'Cathedral');
INSERT INTO Player (PersonID, Number, HeightInches, WeightPounds, Position, AcademicYear, HighSchool) VALUES (263, 31, 73, 195, 'S', 'R-So.', 'Bishop''s School');
INSERT INTO Player (PersonID, Number, HeightInches, WeightPounds, Position, AcademicYear, HighSchool) VALUES (264, 34, 74, 190, 'WR', 'R-Fr.', 'Brentwood');
INSERT INTO Player (PersonID, Number, HeightInches, WeightPounds, Position, AcademicYear, HighSchool) VALUES (265, 35, 74, 250, 'ILB', 'Sr.', 'Granite Bay');
INSERT INTO Player (PersonID, Number, HeightInches, WeightPounds, Position, AcademicYear, HighSchool) VALUES (266, 36, 73, 185, 'WR', 'R-Fr.', 'Loyola');
INSERT INTO Player (PersonID, Number, HeightInches, WeightPounds, Position, AcademicYear, HighSchool) VALUES (267, 37, 70, 210, 'S', 'R-Sr.', 'St. Bonaventure');
INSERT INTO Player (PersonID, Number, HeightInches, WeightPounds, Position, AcademicYear, HighSchool) VALUES (268, 39, 73, 210, 'SNP', 'Fr.', 'Loyola HS');
INSERT INTO Player (PersonID, Number, HeightInches, WeightPounds, Position, AcademicYear, HighSchool) VALUES (269, 39, 73, 235, 'TB', 'R-Fr.', 'Cathedral HS');
INSERT INTO Player (PersonID, Number, HeightInches, WeightPounds, Position, AcademicYear, HighSchool) VALUES (270, 40, 70, 205, 'TB', 'Jr.', 'Liberty HS');
INSERT INTO Player (PersonID, Number, HeightInches, WeightPounds, Position, AcademicYear, HighSchool) VALUES (271, 40, 73, 195, 'PK', 'So.', 'Mater Dei');
INSERT INTO Player (PersonID, Number, HeightInches, WeightPounds, Position, AcademicYear, HighSchool) VALUES (272, 42, 76, 240, 'OLB', 'Fr.', 'JSerra Catholic HS');
INSERT INTO Player (PersonID, Number, HeightInches, WeightPounds, Position, AcademicYear, HighSchool) VALUES (273, 44, 74, 280, 'DL', 'R-Sr.', 'St. John Bosco');
INSERT INTO Player (PersonID, Number, HeightInches, WeightPounds, Position, AcademicYear, HighSchool) VALUES (274, 46, 71, 185, 'P', 'R-Sr.', 'St. John Bosco');
INSERT INTO Player (PersonID, Number, HeightInches, WeightPounds, Position, AcademicYear, HighSchool) VALUES (275, 47, 76, 185, 'P', 'R-Sr.', 'Dana Hills');
INSERT INTO Player (PersonID, Number, HeightInches, WeightPounds, Position, AcademicYear, HighSchool) VALUES (276, 47, 73, 230, 'ILB-FB', 'R-Sr.', 'Loyola');
INSERT INTO Player (PersonID, Number, HeightInches, WeightPounds, Position, AcademicYear, HighSchool) VALUES (277, 49, 73, 215, 'ILB', 'R-Jr.', 'St. Francis');
INSERT INTO Player (PersonID, Number, HeightInches, WeightPounds, Position, AcademicYear, HighSchool) VALUES (278, 49, 73, 195, 'PK', 'R-So.', 'Linfield Christian');
INSERT INTO Player (PersonID, Number, HeightInches, WeightPounds, Position, AcademicYear, HighSchool) VALUES (279, 50, 75, 295, 'C-OT', 'R-Sr.', 'La Habra');
INSERT INTO Player (PersonID, Number, HeightInches, WeightPounds, Position, AcademicYear, HighSchool) VALUES (280, 51, 78, 290, 'OT', 'R-So.', 'Lakewood HS');
INSERT INTO Player (PersonID, Number, HeightInches, WeightPounds, Position, AcademicYear, HighSchool) VALUES (281, 52, 76, 315, 'OG', 'R-Jr.', 'Clovis North');
INSERT INTO Player (PersonID, Number, HeightInches, WeightPounds, Position, AcademicYear, HighSchool) VALUES (282, 53, 75, 225, 'ILB', 'R-Fr.', 'Bishop Montgomery');
INSERT INTO Player (PersonID, Number, HeightInches, WeightPounds, Position, AcademicYear, HighSchool) VALUES (283, 54, 77, 310, 'OT', 'R-Fr.', 'Clayton Valley');
INSERT INTO Player (PersonID, Number, HeightInches, WeightPounds, Position, AcademicYear, HighSchool) VALUES (284, 56, 77, 290, 'OG', 'R-Sr.', 'Claremont');
INSERT INTO Player (PersonID, Number, HeightInches, WeightPounds, Position, AcademicYear, HighSchool) VALUES (285, 57, 74, 290, 'C', 'Fr.', 'Chaparral HS');
INSERT INTO Player (PersonID, Number, HeightInches, WeightPounds, Position, AcademicYear, HighSchool) VALUES (286, 58, 75, 240, 'ILB', 'Fr.', 'Mater Dei');
INSERT INTO Player (PersonID, Number, HeightInches, WeightPounds, Position, AcademicYear, HighSchool) VALUES (287, 59, 73, 230, 'ILB', 'R-Sr.', 'Palisades Charter');
INSERT INTO Player (PersonID, Number, HeightInches, WeightPounds, Position, AcademicYear, HighSchool) VALUES (288, 59, 73, 205, 'SNP', 'R-So.', 'Citrus JC');
INSERT INTO Player (PersonID, Number, HeightInches, WeightPounds, Position, AcademicYear, HighSchool) VALUES (289, 61, 75, 225, 'SNP', 'R-Jr.', 'Orange Lutheran');
INSERT INTO Player (PersonID, Number, HeightInches, WeightPounds, Position, AcademicYear, HighSchool) VALUES (290, 62, 74, 295, 'C', 'R-Fr.', 'Santa Margarita');
INSERT INTO Player (PersonID, Number, HeightInches, WeightPounds, Position, AcademicYear, HighSchool) VALUES (291, 65, 76, 300, 'OG', 'R-So.', 'Mater Dei');
INSERT INTO Player (PersonID, Number, HeightInches, WeightPounds, Position, AcademicYear, HighSchool) VALUES (292, 67, 75, 260, 'C', 'Fr.', 'Laguna Hills HS');
INSERT INTO Player (PersonID, Number, HeightInches, WeightPounds, Position, AcademicYear, HighSchool) VALUES (293, 68, 77, 290, 'OT', 'Fr.', 'Harvard Westlake HS');
INSERT INTO Player (PersonID, Number, HeightInches, WeightPounds, Position, AcademicYear, HighSchool) VALUES (294, 72, 78, 315, 'OG-OT', 'So.', 'Kingsburg');
INSERT INTO Player (PersonID, Number, HeightInches, WeightPounds, Position, AcademicYear, HighSchool) VALUES (295, 75, 76, 310, 'OG-OT', 'R-Fr.', 'Bishop O''Dowd');
INSERT INTO Player (PersonID, Number, HeightInches, WeightPounds, Position, AcademicYear, HighSchool) VALUES (296, 76, 77, 295, 'OT', 'R-Jr.', 'Servite');
INSERT INTO Player (PersonID, Number, HeightInches, WeightPounds, Position, AcademicYear, HighSchool) VALUES (297, 77, 77, 310, 'OG', 'R-Sr.', 'Loyola');
INSERT INTO Player (PersonID, Number, HeightInches, WeightPounds, Position, AcademicYear, HighSchool) VALUES (298, 82, 76, 250, 'TE', 'Sr.', 'Campolindo');
INSERT INTO Player (PersonID, Number, HeightInches, WeightPounds, Position, AcademicYear, HighSchool) VALUES (299, 83, 78, 230, 'TE', 'So.', 'Inderkum');
INSERT INTO Player (PersonID, Number, HeightInches, WeightPounds, Position, AcademicYear, HighSchool) VALUES (300, 84, 77, 255, 'TE', 'So.', 'Monte Vista');
INSERT INTO Player (PersonID, Number, HeightInches, WeightPounds, Position, AcademicYear, HighSchool) VALUES (301, 89, 76, 275, 'DL', 'R-Jr.', 'Loyola');
INSERT INTO Player (PersonID, Number, HeightInches, WeightPounds, Position, AcademicYear, HighSchool) VALUES (302, 93, 76, 290, 'DL', 'R-So.', 'Huntington Beach');
INSERT INTO Player (PersonID, Number, HeightInches, WeightPounds, Position, AcademicYear, HighSchool) VALUES (303, 96, 77, 270, 'DL', 'Jr.', 'Vintage HS');
INSERT INTO Player (PersonID, Number, HeightInches, WeightPounds, Position, AcademicYear, HighSchool) VALUES (304, 85, 71, 170, 'WR', 'R-So.', 'Miami Senior');
INSERT INTO Player (PersonID, Number, HeightInches, WeightPounds, Position, AcademicYear, HighSchool) VALUES (305, 97, 77, 270, 'DL', 'R-Fr.', 'Cypress Bay');
INSERT INTO Player (PersonID, Number, HeightInches, WeightPounds, Position, AcademicYear, HighSchool) VALUES (306, 17, 74, 215, 'WR', 'R-So.', 'North Gwinnett');
INSERT INTO Player (PersonID, Number, HeightInches, WeightPounds, Position, AcademicYear, HighSchool) VALUES (307, 70, 76, 295, 'OT', 'Sr.', 'McEachern');
INSERT INTO Player (PersonID, Number, HeightInches, WeightPounds, Position, AcademicYear, HighSchool) VALUES (308, 88, 75, 240, 'TE', 'R-Jr.', 'Florida');
INSERT INTO Player (PersonID, Number, HeightInches, WeightPounds, Position, AcademicYear, HighSchool) VALUES (309, 26, 74, 240, 'OLB', 'Fr.', 'Waianae HS');
INSERT INTO Player (PersonID, Number, HeightInches, WeightPounds, Position, AcademicYear, HighSchool) VALUES (310, 29, 73, 215, 'TB', 'R-So.', 'Mililani');
INSERT INTO Player (PersonID, Number, HeightInches, WeightPounds, Position, AcademicYear, HighSchool) VALUES (311, 56, 74, 230, 'ILB-OLB', 'Jr.', 'St. Louis');
INSERT INTO Player (PersonID, Number, HeightInches, WeightPounds, Position, AcademicYear, HighSchool) VALUES (312, 37, 70, 205, 'TB', 'R-Fr.', 'Evanston');
INSERT INTO Player (PersonID, Number, HeightInches, WeightPounds, Position, AcademicYear, HighSchool) VALUES (313, 89, 78, 250, 'TE', 'R-Sr.', 'McKendree');
INSERT INTO Player (PersonID, Number, HeightInches, WeightPounds, Position, AcademicYear, HighSchool) VALUES (314, 30, 73, 230, 'TB', 'Fr.', 'Cathedral HS');
INSERT INTO Player (PersonID, Number, HeightInches, WeightPounds, Position, AcademicYear, HighSchool) VALUES (315, 99, 75, 240, 'OLB', 'Jr.', '');
INSERT INTO Player (PersonID, Number, HeightInches, WeightPounds, Position, AcademicYear, HighSchool) VALUES (316, 81, 75, 205, 'HLD-SNP', 'R-Sr.', 'St. Thomas Academy');
INSERT INTO Player (PersonID, Number, HeightInches, WeightPounds, Position, AcademicYear, HighSchool) VALUES (317, 95, 76, 310, 'DL', 'Fr.', 'Chaminade College Prep');
INSERT INTO Player (PersonID, Number, HeightInches, WeightPounds, Position, AcademicYear, HighSchool) VALUES (318, 1, 74, 250, 'ILB', 'Fr.', 'Bishop Gorman HS');
INSERT INTO Player (PersonID, Number, HeightInches, WeightPounds, Position, AcademicYear, HighSchool) VALUES (319, 2, 75, 200, 'S', 'So.', 'Bishop Gorman');
INSERT INTO Player (PersonID, Number, HeightInches, WeightPounds, Position, AcademicYear, HighSchool) VALUES (320, 87, 76, 205, 'WR', 'So.', 'Desert Pines');
INSERT INTO Player (PersonID, Number, HeightInches, WeightPounds, Position, AcademicYear, HighSchool) VALUES (321, 15, 73, 215, 'S', 'Fr.', 'Crescent Valley HS');
INSERT INTO Player (PersonID, Number, HeightInches, WeightPounds, Position, AcademicYear, HighSchool) VALUES (322, 34, 75, 235, 'OLB', 'Fr.', 'Central Catholic HS');
INSERT INTO Player (PersonID, Number, HeightInches, WeightPounds, Position, AcademicYear, HighSchool) VALUES (323, 51, 75, 305, 'DL', 'R-Fr.', 'Central');
INSERT INTO Player (PersonID, Number, HeightInches, WeightPounds, Position, AcademicYear, HighSchool) VALUES (324, 41, 76, 230, 'OLB', 'So.', 'Leone');
INSERT INTO Player (PersonID, Number, HeightInches, WeightPounds, Position, AcademicYear, HighSchool) VALUES (325, 13, 75, 220, 'ILB-OLB', 'So.', 'Westlake');
INSERT INTO Player (PersonID, Number, HeightInches, WeightPounds, Position, AcademicYear, HighSchool) VALUES (326, 15, 73, 200, 'PK', 'R-Jr.', 'Episcopal School of Dallas');
INSERT INTO Player (PersonID, Number, HeightInches, WeightPounds, Position, AcademicYear, HighSchool) VALUES (327, 28, 73, 205, 'TB', 'Sr.', 'Cedar Hill');
INSERT INTO Player (PersonID, Number, HeightInches, WeightPounds, Position, AcademicYear, HighSchool) VALUES (328, 38, 69, 195, 'TB', 'R-So.', 'Clemens');
INSERT INTO Player (PersonID, Number, HeightInches, WeightPounds, Position, AcademicYear, HighSchool) VALUES (329, 38, 74, 195, 'PK', 'Fr.', 'Vandergrift HS');
INSERT INTO Player (PersonID, Number, HeightInches, WeightPounds, Position, AcademicYear, HighSchool) VALUES (330, 45, 77, 260, 'OLB', 'Sr.', 'Salem Hills');
INSERT INTO Player (PersonID, Number, HeightInches, WeightPounds, Position, AcademicYear, HighSchool) VALUES (331, 54, 74, 230, 'ILB', 'R-Fr.', 'Layton');
INSERT INTO Player (PersonID, Number, HeightInches, WeightPounds, Position, AcademicYear, HighSchool) VALUES (332, 78, 75, 310, 'DL', 'R-Fr.', 'Bingham');
INSERT INTO Player (PersonID, Number, HeightInches, WeightPounds, Position, AcademicYear, HighSchool) VALUES (333, 44, 70, 180, 'WR', 'R-Jr.', 'Waukesha');





CREATE TABLE Coach
(
    PersonID INTEGER PRIMARY KEY,
    Title TEXT
);
INSERT INTO Coach (PersonID, Title) VALUES (334, 'Head Coach');
INSERT INTO Coach (PersonID, Title) VALUES (335, 'Assistant Head Coach (Running Backs Coach)');
INSERT INTO Coach (PersonID, Title) VALUES (336, 'Offensive Coordinator (Quarterbacks Coach)');
INSERT INTO Coach (PersonID, Title) VALUES (337, 'Defensive Coordinator');
INSERT INTO Coach (PersonID, Title) VALUES (338, 'Associate Head Coach (Special Teams Coordinator)');
INSERT INTO Coach (PersonID, Title) VALUES (339, 'Assistant Coach (Cornerbacks/Defensive Passing Game Coordinator)');
INSERT INTO Coach (PersonID, Title) VALUES (340, 'Recruiting Director/Assistant Coach (Linebackers)');
INSERT INTO Coach (PersonID, Title) VALUES (341, 'Assistant Coach (Defensive Line)');
INSERT INTO Coach (PersonID, Title) VALUES (342, 'Assistant Coach (Wide Receivers)');
INSERT INTO Coach (PersonID, Title) VALUES (343, 'Assistant Coach (Offensive Line Coach)');
INSERT INTO Coach (PersonID, Title) VALUES (344, 'Assistant Coach (Tight Ends)');
INSERT INTO Coach (PersonID, Title) VALUES (345, 'Head Coach - Sports Performance');
INSERT INTO Coach (PersonID, Title) VALUES (346, 'Graduate Assistant - Offense');
INSERT INTO Coach (PersonID, Title) VALUES (347, 'Graduate Assistant - Offense');
INSERT INTO Coach (PersonID, Title) VALUES (348, 'Graduate Assistant - Defense');
INSERT INTO Coach (PersonID, Title) VALUES (349, 'Graduate Assistant - Defense');
INSERT INTO Coach (PersonID, Title) VALUES (350, 'Football Analyst');
INSERT INTO Coach (PersonID, Title) VALUES (351, 'Football Analyst');
INSERT INTO Coach (PersonID, Title) VALUES (352, 'Football Analyst');
INSERT INTO Coach (PersonID, Title) VALUES (353, 'Senior Associate Athletic Director of Football');
INSERT INTO Coach (PersonID, Title) VALUES (354, 'Player Personnel Assistant');
INSERT INTO Coach (PersonID, Title) VALUES (355, 'Assistant, Football Operations');
INSERT INTO Coach (PersonID, Title) VALUES (356, 'Director of Player Development');
INSERT INTO Coach (PersonID, Title) VALUES (357, 'Special Assistant to the Head Football Coach');
INSERT INTO Coach (PersonID, Title) VALUES (358, 'Head Coach');
INSERT INTO Coach (PersonID, Title) VALUES (359, 'Offensive Coordinator/Quarterbacks');
INSERT INTO Coach (PersonID, Title) VALUES (360, 'Defensive Coordinator/Linebackers');
INSERT INTO Coach (PersonID, Title) VALUES (361, 'Assistant Coach/Inside Receivers');
INSERT INTO Coach (PersonID, Title) VALUES (362, 'Assistant Coach/Offensive Line');
INSERT INTO Coach (PersonID, Title) VALUES (363, 'Assistant Coach/Running Backs');
INSERT INTO Coach (PersonID, Title) VALUES (364, 'Assistant Coach/Cornerbacks');
INSERT INTO Coach (PersonID, Title) VALUES (365, 'Assistant Coach/Outside Receivers');
INSERT INTO Coach (PersonID, Title) VALUES (366, 'Assistant Coach/Safeties');
INSERT INTO Coach (PersonID, Title) VALUES (367, 'Special Teams Coordinator');
INSERT INTO Coach (PersonID, Title) VALUES (368, 'Assistant Coach/Defensive Line');
INSERT INTO Coach (PersonID, Title) VALUES (369, 'Senior Defensive Analyst');
INSERT INTO Coach (PersonID, Title) VALUES (370, 'Head Coach');
INSERT INTO Coach (PersonID, Title) VALUES (371, 'Offensive Coordinator / Wide Receivers');
INSERT INTO Coach (PersonID, Title) VALUES (372, 'Defensive Coordinator');
INSERT INTO Coach (PersonID, Title) VALUES (373, 'Special Teams Coordinator');
INSERT INTO Coach (PersonID, Title) VALUES (374, 'Linebackers / Recruiting Coord. / Asst. Head Coach');
INSERT INTO Coach (PersonID, Title) VALUES (375, 'Running Backs/Running Game and Pass Protection Coordinator');
INSERT INTO Coach (PersonID, Title) VALUES (376, 'Offensive Line');
INSERT INTO Coach (PersonID, Title) VALUES (377, 'Defensive Backs');
INSERT INTO Coach (PersonID, Title) VALUES (378, 'Defensive Line');
INSERT INTO Coach (PersonID, Title) VALUES (379, 'Quarterbacks');
INSERT INTO Coach (PersonID, Title) VALUES (380, 'Tight Ends/Inside Receivers');
INSERT INTO Coach (PersonID, Title) VALUES (381, 'Offensive Graduate Assistant');
INSERT INTO Coach (PersonID, Title) VALUES (382, 'Offensive Graduate Assistant');
INSERT INTO Coach (PersonID, Title) VALUES (383, 'Defensive Graduate Assistant');
INSERT INTO Coach (PersonID, Title) VALUES (384, 'Defensive Graduate Assistant');
INSERT INTO Coach (PersonID, Title) VALUES (385, 'Offensive Analyst');
INSERT INTO Coach (PersonID, Title) VALUES (386, 'Offensive Analyst');
INSERT INTO Coach (PersonID, Title) VALUES (387, 'Special Teams Analyst');
INSERT INTO Coach (PersonID, Title) VALUES (388, 'Defensive Analyst');
INSERT INTO Coach (PersonID, Title) VALUES (389, 'Defensive Analyst');
INSERT INTO Coach (PersonID, Title) VALUES (390, 'Defensive Analyst');
INSERT INTO Coach (PersonID, Title) VALUES (391, 'Executive Director of Football Ops / Chief of Staff');
INSERT INTO Coach (PersonID, Title) VALUES (392, 'Executive Assistant to Head Coach / Asst. Director of Ops');
INSERT INTO Coach (PersonID, Title) VALUES (393, 'Assistant Director of Football Operations');
INSERT INTO Coach (PersonID, Title) VALUES (394, 'Director of Player Engagement');
INSERT INTO Coach (PersonID, Title) VALUES (395, 'Assistant Athletic Director / Recruiting & Player Personnel');
INSERT INTO Coach (PersonID, Title) VALUES (396, 'Director of Player Development');
INSERT INTO Coach (PersonID, Title) VALUES (397, 'Assistant Director of Player Personnel');
INSERT INTO Coach (PersonID, Title) VALUES (398, 'Graphic Design and Creative Media Coord.');
INSERT INTO Coach (PersonID, Title) VALUES (399, 'Head Strength and Conditioning Coach');
INSERT INTO Coach (PersonID, Title) VALUES (400, 'Assistant Strength and Conditioning Coach');
INSERT INTO Coach (PersonID, Title) VALUES (401, 'Assistant Strength and Conditioning Coach');
INSERT INTO Coach (PersonID, Title) VALUES (402, 'Assistant Coach');
INSERT INTO Coach (PersonID, Title) VALUES (403, 'Assistant Coach');
INSERT INTO Coach (PersonID, Title) VALUES (404, 'Assistant Coach');
INSERT INTO Coach (PersonID, Title) VALUES (405, 'Sports Dietitian');
INSERT INTO Coach (PersonID, Title) VALUES (406, 'Director of Video Operations');
INSERT INTO Coach (PersonID, Title) VALUES (407, 'Assistant Director of Video Operations');
INSERT INTO Coach (PersonID, Title) VALUES (408, 'Defensive Intern');



